IATA_ID,Name,WMO_ID,MSC_ID,Latitude,Longitude,Elevation(m),Data_Provider,Dataset/Network,AUTO/MAN,Province/Territory
CAAB,ST ALBAN'S,73051,8400416,47.85773,-55.861122,186.874,MSC,CA,AUTO,Newfoundland and Labrador
CAAW,SHEARWATER RCS,71264,8205092,44.629815,-63.513296,23.745,MSC,CA,AUTO,Nova Scotia
CABB,BEDFORD BASIN,71329,8200573,44.706111,-63.633333,5.0,DND,CA,AUTO,Nova Scotia
CABF,BURGEO NL,71152,8400801,47.61296,-57.610138,8.7,MSC,CA,AUTO,Newfoundland and Labrador
CABH,WINTERLAND BRANCH HILL,73080,8404242,47.136501,-55.326322,30.26,MSC,CA,AUTO,Newfoundland and Labrador
CABR,BEDFORD RANGE,71325,8200574,44.745555,-63.660278,10.0,DND,CA,AUTO,Nova Scotia
CACM,CORMACK RCS,71367,8401295,49.321937,-57.39344,167.4,MSC,CA,AUTO,Newfoundland and Labrador
CACP,BACCARO PT,71920,8200255,43.450862,-65.471646,4.825,MSC,CA,AUTO,Nova Scotia
CACQ,MIRAMICHI RCS,71744,8100989,47.0094,-65.465,31.5,MSC,CA,AUTO,New Brunswick
CADL,DANIEL'S HARBOUR,73024,8401405,50.236388,-57.581111,25,MSC,CA,AUTO,Newfoundland and Labrador
CADN,DOAKTOWN AUTO RCS,71038,8101201,46.58525,-66.009833,41.3,MSC,CA,AUTO,New Brunswick
CADS,ST LAWRENCE,71110,8403619,46.9167,-55.3833,50.5,MSC,CA,AUTO,Newfoundland and Labrador
CAEI,ESKASONI FIRST NATION,71175,8201780,45.9206,-60.6469,23.1,MSC,CA,AUTO,Nova Scotia
CAFC,FREDERICTON CDA CS,71668,8101605,45.920357,-66.609116,34.355,MSC,CA,AUTO,New Brunswick
CAFL,CHURCHILL FALLS,73122,8501136,53.558,-64.094,441.0,MSC,CA,AUTO,Newfoundland and Labrador
CAFY,FUNDY PARK (ALMA) CS,71191,8101746,45.597177,-64.953136,42.5,MSC,CA,AUTO,New Brunswick
CAGL,COLLEGEVILLE AUTO,71698,8201001,45.490189,-62.016107,72.268,MSC,CA,AUTO,Nova Scotia
CAHD,HALIFAX DOCKYARD,71328,8202240,44.655277,-63.575833,5.0,DND,CA,AUTO,Nova Scotia
CAHK,HALIFAX KOOTENAY,71326,8202252,44.5875,-63.55,63.5,DND,CA,AUTO,Nova Scotia
CAHR,HARRINGTON CDA CS,71350,830P001,46.34378,-63.16974,53.2,MSC,CA,AUTO,Prince Edward Island
CAHT,CHETICAMP HIGHLANDS NATIONAL PARK,73023,8200828,46.65112,-60.95466,16.6,MSC,CA,AUTO,Nova Scotia
CAHV,HAPPY VALLEY - GOOSE BAY,73120,8501915,53.306394,-60.362642,39.7,MSC,CA,AUTO,Newfoundland and Labrador
CAHW,HALIFAX WINDSOR PARK,71327,8202255,44.656944,-63.608056,56.5,DND,CA,AUTO,Nova Scotia
CAJH,GARNETT SETTLEMENT,73038,8104905,45.289895,-65.813652,94.592,MSC,CA,AUTO,New Brunswick
CAJT,STEPHENVILLE RCS,71159,8403820,48.5614,-58.5661,60.0,MSC,CA,AUTO,Newfoundland and Labrador
CAJW,ST JOHNS WEST CLIMATE,71250,8403603,47.5134,-52.7833,114.78,MSC,CA,AUTO,Newfoundland and Labrador
CAKC,KOUCHIBOUGUAC,71670,8102326,46.789272,-65.013053,17.136,MSC,CA,AUTO,New Brunswick
CAMR,MILLERTOWN CLIMATE,71856,8402757,48.8167,-56.5344,214.0,MSC,CA,AUTO,Newfoundland and Labrador
CAMS,MECHANIC SETTLEMENT,71787,8102848,45.693611,-65.165,404.3,MSC,CA,AUTO,New Brunswick
CANH,STANHOPE,,8300590,46.415013,-63.075932,2.3,MSC,CA,AUTO,Prince Edward Island
CANR,ALDERSVILLE,73081,8204020,44.827083,-64.509025,238.5,MSC,CA,AUTO,Nova Scotia
CAOH,UPPER STEWIACKE RCS,71753,8204193,45.23273,-63.054694,26.714,MSC,CA,AUTO,Nova Scotia
CAOS,OSBORNE HEAD,71324,8204190,44.612777,-63.4225,30.0,DND,CA,AUTO,Nova Scotia
CAPB,PORT-AUX-BASQUES,73026,8402980,47.573416,-59.153094,41.2,MSC,CA,AUTO,Newfoundland and Labrador
CAPR,PARRSBORO,71493,8204402,45.413327,-64.346239,31.172,MSC,CA,AUTO,Nova Scotia
CAQY,SYDNEY CS,71758,8205702,46.163048,-60.0428,58.558,MSC,CA,AUTO,Nova Scotia
CARP,RED PINES,71634,8104295,47.439405,-65.597783,118.064,MSC,CA,AUTO,New Brunswick
CASB,SABLE ISLAND,73025,8204708,43.931434,-60.008382,6.3,MSC,CA,AUTO,Nova Scotia
CASF,SUSSEX FOUR CORNERS,71656,8105210,45.741666,-65.529167,59.400,MSC,CA,AUTO,New Brunswick
CAUU,LOUISBOURG,71596,8203163,45.90088,-59.995629,16.5,MSC,CA,AUTO,Nova Scotia
CAVA,BONAVISTA,71178,8400601,48.667316,-53.112173,26.0,MSC,CA,AUTO,Newfoundland and Labrador
CAWR,WRECKHOUSE,71180,8404343,47.713697,-59.306315,33.7,MSC,CA,AUTO,Newfoundland and Labrador
CBBC,Bella Bella Campbell Island,71582,1060815,52.18510,-128.15700,43.0,NAV CANADA,NC-AWOS,AUTO,British Columbia
CCPY,PELLY RANCH FORT SELKIRK,73013,2100881,62.833444,-137.312167,443.276,MSC,CA,AUTO,Yukon
CEQI,YARMOUTH RCS,71884,8206491,43.830861,-66.08807,37.564,MSC,CA,AUTO,Nova Scotia
CERM,EDMUNDSTON,71590,8101303,47.41665,-68.324749,156.313,MSC,CA,AUTO,New Brunswick
CESB,SHELBURNE SANDY POINT,73015,8205130,43.753027,-65.307917,47.525,MSC,CA,AUTO,Nova Scotia
CEWD,WOODSTOCK NEWBRIDGE,71606,8105603,46.152229,-67.542653,148.2,MSC,CA,AUTO,New Brunswick
CGAH,LA GRANDE IV,71823,7093GJ5,53.757213,-73.678642,303.022,MSC,CA,AUTO,Quebec
CGBC,BAIE-COMEAU,71890,7040442,49.13507,-68.202461,21.933,MSC,CA,AUTO,Quebec
CGCH,CHIBOUGAMAU-CHAPAIS,73011,7091410,49.777307,-74.530384,389.836,MSC,CA,AUTO,Quebec
CGCL,CAUSAPSCAL AIRPORT,73005,7051201,48.308789,-67.252754,127.910,MSC,CA,AUTO,Quebec
CGGA,GASPE AIRPORT,73116,7052603,48.776738,-64.479393,36.072,MSC,CA,AUTO,Quebec
CGKM,SCHEFFERVILLE COTE-NORD,73075,7117824,54.802639,-66.804488,519.337,MSC,CA,AUTO,Quebec
CGMG,MATAGAMI,71821,7094637,49.757871,-77.793226,281.484,MSC,CA,AUTO,Quebec
CGRQ,TROIS RIVIERES,71729,7018563,46.359328,-72.675861,63.0,MSC,CA,AUTO,Quebec
CGSA,SAINT-CAMILLE-DE-LELLIS,73105,7026930,46.494686,-70.207442,404.083,MSC,CA,AUTO,Quebec
CGVO,VAL-D'OR,71725,7098603,48.056548,-77.78658,338.952,MSC,CA,AUTO,Quebec
CMBE,BAGOTVILLE AIRPORT,73035,7060390,48.329714,-70.986437,159.510,MSC,CA,AUTO,Quebec
CMFJ,KUUJJUARAPIK,71615,7103539,55.369504,-77.629143,31.729,MSC,CA,AUTO,Quebec
CMFM,FORET MONTMORENCY RCS,71212,7042395,47.322593,-71.148281,673.105,MSC,CA,AUTO,Quebec
CMFX,SALLUIT,71641,7117800,62.179704,-75.670074,229.012,MSC,CA,AUTO,Quebec
CMGB,GRANBY,,7022802,45.372631,-72.774189,88.232,MSC,CA,AUTO,Quebec
CMGZ,GRANDES BERGERONNES,71942,7042845,48.274529,-69.543661,59.238,MSC,CA,AUTO,Quebec
CMIN,PARC NATIONAL DES PINGUALUIT,71976,7115800,61.31283,-73.668412,501.578,MSC,CA,AUTO,Quebec
CMJI,MONT-JOLI,71658,7055122,48.605193,-68.195657,57.608,MSC,CA,AUTO,Quebec
CMJK,INUKJUAK,71907,710S005,58.467331,-78.078671,25.0,MSC,CA,AUTO,Quebec
CMJN,NEW RICHMOND EAST,71659,7055440,48.156544,-65.84193,4.225,MSC,CA,AUTO,Quebec
CMLU,LEMIEUX,71616,701Q009,46.303728,-72.060519,94.693,MSC,CA,AUTO,Quebec
CMMY,SAINT-MICHEL-DES-SAINTS,71737,7077571,46.815567,-74.094017,430.132,MSC,CA,AUTO,Quebec
CMNT,NATASHQUAN AIRPORT,71813,7045401,50.190066,-61.794219,10.892,MSC,CA,AUTO,Quebec
CMRF,RIVIERE AUX FEUILLES,71743,7116505,57.909731,-72.976014,171.257,MSC,CA,AUTO,Quebec
CMSI,SAINT-GERMAIN-DE-GRANTHAM,71967,7027470,45.825353,-72.536979,78.391,MSC,CA,AUTO,Quebec
CMTH,THETFORD MINES RCS,71494,7028442,46.049134,-71.266448,431.405,MSC,CA,AUTO,Quebec
CMUS,NANTES,73115,7023681,45.606368,-70.932738,476.898,MSC,CA,AUTO,Quebec
CNBB,KUGAARUK CLIMATE,71407,2303094,68.53743,-89.788915,17.6,MSC,CA,AUTO,Nunavut
CNBI,BATHURST INLET,71874,2300551,66.837724,-108.014693,6.982,MSC,CA,AUTO,Nunavut
CNCD,KINNGAIT,71575,2400636,64.230626,-76.530694,50.569,MSC,CA,AUTO,Nunavut
CNCN,CLINTON,71474,1161663,51.145064,-121.504788,1058.958,MSC,CA,AUTO,British Columbia
CNCO,KUGLUKTUK CLIMATE,71332,2300904,67.8172,-115.1353,24.400,MSC,CA,AUTO,Nunavut
CNCS,CHESTERFIELD INLET AIRPORT,73101,2300708,63.344966,-90.731997,12.380,MSC,CA,AUTO,Nunavut
CNDT,POND INLET CLIMATE,71576,2403204,72.69313,-77.95735,66.164,MSC,CA,AUTO,Nunavut
CNEK,EUREKA CLIMATE,71613,2401199,79.9892,-85.9339,11.0,MSC,CA,AUTO,Nunavut
CNES,EDMONTON SOUTH CAMPUS,,3012220,53.490014,-113.537778,670.0,GovAB,CA,AUTO,Alberta
CNFR,FORT ROSS,71629,2402051,72.018061,-94.200462,9.255,MSC,CA,AUTO,Nunavut
CNGC,GRISE FIORD CLIMATE,71971,2402351,76.422476,-82.90115,35.665,MSC,CA,AUTO,Nunavut
CNGH,GATESHEAD ISLAND,71141,2402332,70.632757,-100.267154,19.568,MSC,CA,AUTO,Nunavut
CNPK,PEKISKO,71669,3055119,50.368512,-114.415459,1408.901,MSC,CA,AUTO,Alberta
CNPL,CAPE LIVERPOOL,,2400675,73.668041,-78.294694,3.886,MSC,CA,AUTO,Nunavut
CNPV,CAPE PROVIDENCE,,2501419,74.456602,-112.160413,5.801,MSC,CA,AUTO,Northwest Territories
CNSG,SVARTEVAEG,71872,2403833,81.161196,-91.816114,71.894,MSC,CA,AUTO,Nunavut
CNSQ,SANIKILUAQ,71643,2303668,56.5374,-79.2605,34.0,MSC,CA,AUTO,Nunavut
CNTL,TOMPKINS LANDING AGCM,,3076530,58.020578,-116.847797,343.0,GovAB,CA,AUTO,Alberta
CNVQ,NORMAN WELLS CLIMATE,71480,2202810,65.28757,-126.753851,94.133,MSC,CA,AUTO,Northwest Territories
CNYE,YELLOWKNIFE AIRPORT,73044,2204108,62.474633,-114.449461,205.8,MSC,CA,AUTO,Northwest Territories
CNZS,CORAL HARBOUR RCS,71134,2301010,64.187831,-83.347054,55.09,MSC,CA,AUTO,Nunavut
COBQ,BELLEVILLE QUINTE,73042,6150690,44.159363,-77.439842,95.7,MSC,CA,AUTO,Ontario
COCE,CEDAR SPRINGS,73036,6131418,42.26497,-82.016262,181.973,MSC,CA,AUTO,Ontario
COCP,CHAPLEAU AIRPORT,73135,6061366,47.819258,-83.356448,447.956,MSC,CA,AUTO,Ontario
COGE,GERALDTON AIRPORT,73071,6042719,49.780908,-86.932297,349.97,MSC,CA,AUTO,Ontario
COGI,GUELPH TURFGRASS INSTITUTE,73073,6143092,43.541873,-80.222081,336.520,MSC,CA,AUTO,Ontario
COGP,OGOKI POST,73045,6075788,51.657738,-85.900278,180.7,MSC,CA,AUTO,Ontario
COKN,KING CITY NORTH,73074,6154150,43.963525,-79.574133,362.0,MSC,CA,AUTO,Ontario
COSL,SIOUX LOOKOUT AIRPORT,73017,6037800,50.120537,-91.902802,386.726,MSC,CA,AUTO,Ontario
COSM,SAULT STE. MARIE AIRPORT,73070,6057593,46.478055,-84.516667,189.0,MSC,CA,AUTO,Ontario
COTL,BIG TROUT LAKE,71208,6010740,53.8164,-89.8916,217.58,MSC,CA,AUTO,Ontario
COTR,TERRACE BAY AIRPORT,73018,6048232,48.815274,-87.091749,287.709,MSC,CA,AUTO,Ontario
COTU,PETERBOROUGH TRENT U EXPERIMENTAL FARM,73180,6166457,44.353208,-78.278737,227.23,MSC,CA,AUTO,Ontario
COWW,WEAGAMOW LAKE,73046,6019400,52.943781,-91.316002,294.374,MSC,CA,AUTO,Ontario
CPAA,ALLIANCE AGCM,71006,3010162,52.315280,-111.778613,737.0,GovAB,CA,AUTO,Alberta
CPAC,ACADIA VALLEY,71048,3020035,51.066136,-110.316969,735.0,GovAB,CA,AUTO,Alberta
CPAF,ATHABASCA AGCM,71271,3060330,54.634723,-113.381947,635.0,GovAB,CA,AUTO,Alberta
CPAH,ALBERT HALL AGCM,71005,3010060,53.113334,-111.181113,658.0,GovAB,CA,AUTO,Alberta
CPAT,ATLEE AGCM,71986,3020405,50.810019,-111.005564,795.0,GovAB,CA,AUTO,Alberta
CPAV,ARDENVILLE,,3030200,49.527511,-113.433914,1126.0,GovAB,CA,AUTO,Alberta
CPAZ,AZURE,71981,3030450,50.511944,-114.013061,1143.0,GovAB,CA,AUTO,Alberta
CPBA,BARONS AGCM,71007,3030529,50.025836,-113.224447,967.0,GovAB,CA,AUTO,Alberta
CPBC,BALLATER AGCM,,3070495,55.576944,-117.235556,560.0,GovAB,CA,AUTO,Alberta
CPBD,BLACK DIAMOND,71982,3030680,50.706669,-114.151667,1156.0,GovAB,CA,AUTO,Alberta
CPBE,BEISEKER AGCM,71009,3020610,51.378613,-113.357223,896.0,GovAB,CA,AUTO,Alberta
CPBH,BULLHORN HEADWATERS,71016,3050965,49.1525,-113.550556,1326.0,GovAB,CA,AUTO,Alberta
CPBL,BELLSHILL AGCM,71010,3010650,52.582224,-111.465280,721.0,GovAB,CA,AUTO,Alberta
CPBM,BEAVER MINES,71304,3050602,49.467809,-114.175013,1256.789,MSC,CA,AUTO,Alberta
CPBN,BROWNVALE AGCM,71283,3070800,56.117778,-117.886391,748.0,GovAB,CA,AUTO,Alberta
CPBO,BRANDON RCS,71136,5010490,49.901793,-99.941349,405.774,MSC,CA,AUTO,Manitoba
CPBR,BULLHORN COULEE RESERVOIR,71839,3050960,49.295278,-113.358611,1115.0,GovAB,CA,AUTO,Alberta
CPBS,BASSANO AGCM,71008,3030540,50.892501,-112.465003,807.0,GovAB,CA,AUTO,Alberta
CPBU,BULL SPRINGS AGCM,,3030879,50.33947,-110.484100,780.0,GovAB,CA,AUTO,Alberta
CPCA,CADOGAN AGCM,71012,3010992,52.334169,-110.510001,690.0,GovAB,CA,AUTO,Alberta
CPCE,CEREAL AGCM,,3021463,51.275800,-110.824400,753.0,GovAB,CA,AUTO,Alberta
CPCF,CARROT CREEK AGCM,,3061350,53.623064,-115.893631,861.0,GovAB,CA,AUTO,Alberta
CPCH,FORT CHIPEWYAN RCS,71056,3072659,58.766305,-111.116619,239.0,MSC,CA,AUTO,Alberta
CPCI,CALGARY INT'L CS,71393,3031094,51.109309,-114.000258,1082.87,MSC,CA,AUTO,Alberta
CPCK,PINCHER CREEK CLIMATE,71736,3035208,49.522311,-114.004735,1189.391,MSC,CA,AUTO,Alberta
CPCM,CRAIGMYLE AGCM,71013,3021912,51.775000,-112.252223,845.0,GovAB,CA,AUTO,Alberta
CPCN,CAPPON,,3021200,51.066947,-110.796689,758.0,GovAB,CA,AUTO,Alberta
CPCR,GLENWOOD,71885,3032818,49.334444,-113.524444,1074.0,GovAB,CA,AUTO,Alberta
CPCS,HAZEL AGCM,,3071661,56.528905,-117.933352,672.0,GovAB,CA,AUTO,Alberta
CPCY,CARWAY,71488,3031402,48.9996,-113.3791,1355.1,MSC,CA,AUTO,Alberta
CPDU,DUPRE LITE,71414,3081690,54.366946,-110.867779,560,GovAB,CA,AUTO,Alberta
CPEL,EAGLESHAM AGCM,71461,3072151,55.808056,-117.886667,563.0,GovAB,CA,AUTO,Alberta
CPFE,FLEET AGCM,,3012635,52.040836,-111.813058,823.0,GovAB,CA,AUTO,Alberta
CPFF,FINNEGAN AGCM,,3022650,51.05319,-112.097370,748.0,GovAB,CA,AUTO,Alberta
CPFI,FINCASTLE AGDM,71535,3032550,49.8,-112.033333,833.0,GovAB,CA,AUTO,Alberta
CPFM,FORT MACLEOD AGCM,71789,3032683,49.785833,-113.379447,978.0,GovAB,CA,AUTO,Alberta
CPFR,ST. FRANCIS,,3012799,53.294731,-114.320011,809.0,GovAB,CA,AUTO,Alberta
CPGB,GOOSEBERRY LAKE AGCM,,3012871,52.113056,-110.8025,740.0,GovAB,CA,AUTO,Alberta
CPGF,GREAT FALLS CLIMATE,71570,5031201,50.459013,-96.010316,247.452,MSC,CA,AUTO,Manitoba
CPGH,GIMLI CLIMATE,71748,5031042,50.6333,-97.05,231.6,MSC,CA,AUTO,Manitoba
CPGI,GLEICHEN AGCM,71498,3032801,50.934446,-112.940558,907.0,GovAB,CA,AUTO,Alberta
CPHA,HALKIRK AGCM,71792,3012999,52.116391,-112.164167,843.0,GovAB,CA,AUTO,Alberta
CPHE,HEMARUKA AGCM,71793,3013140,51.779724,-111.211946,780.0,GovAB,CA,AUTO,Alberta
CPHJ,HIGH LEVEL,73085,3073148,58.6314,-117.163738,338.583,MSC,CA,AUTO,Alberta
CPHW,HAWK HILLS AGCM,71507,3073071,57.264723,-117.297503,455.0,GovAB,CA,AUTO,Alberta
CPIA,IRVINE AGCM,71795,3033550,49.989169,-110.261391,795.0,GovAB,CA,AUTO,Alberta
CPIF,ISLAND FALLS (AUT),71331,4063605,55.528161,-102.345178,299.453,MSC,CA,AUTO,Saskatchewan
CPII,ISLAND LAKE SOUTH,71654,3063600,54.816833,-113.56,619.7,MSC,CA,AUTO,Alberta
CPIL,LOON LAKE RCS,71273,4064620,54.019908,-109.137816,546.437,MSC,CA,AUTO,Saskatchewan
CPIN,BERNARD HARBOUR,73231,2300556,68.75528,-114.93970,62.0,DND,DND-AWOS,AUTO,Nunavut
CPIV,ISLAND LAKE AIRPORT,73100,5061378,53.857919,-94.652869,236.895,MSC,CA,AUTO,Manitoba
CPJM,ESTEVAN RCS,71559,4012410,49.205347,-102.967084,579.353,MSC,CA,AUTO,Saskatchewan
CPJN,JENPEG,73048,5060624,54.520662,-98.045568,222.2,MSC,CA,AUTO,Manitoba
CPJP,CROSS LAKE JENPEG 2,71106,5060622,54.539722,-98.030278,221.0,MSC,CA,AUTO,Manitoba
CPJT,JEAN COTE AGCM,71541,3073535,55.912779,-117.119724,638.0,GovAB,CA,AUTO,Alberta
CPKA,KESSLER AGCM,71796,3013644,52.290278,-111.113057,720.0,GovAB,CA,AUTO,Alberta
CPKG,KEG RIVER AGCM,,3073644,57.787500,-117.676667,408.0,GovAB,CA,AUTO,Alberta
CPKI,KITSCOTY AGCM,71797,3013660,53.353335,-110.416112,664.0,GovAB,CA,AUTO,Alberta
CPKK,KINIKINIK,,3063640,54.563075,-112.981117,629.0,GovAB,CA,AUTO,Alberta
CPKO,KEOMA AGCM,,3033620,51.19056,-113.63056,945.0,GovAB,CA,AUTO,Alberta
CPKY,ROCKY LANE AGCM,,3075550,58.451683,-116.480560,301.0,GovAB,CA,AUTO,Alberta
CPLA,LINDEN AGCM,71035,3023850,51.618891,-113.655558,914.0,GovAB,CA,AUTO,Alberta
CPLC,LA CRETE AGCM,71542,3073730,58.171947,-116.342778,323.0,GovAB,CA,AUTO,Alberta
CPLE,LYNN LAKE RCS,71632,5061649,56.8618,-101.0681,355.7,MSC,CA,AUTO,Manitoba
CPLG,LA GLACE AGCM,71543,3073740,55.421945,-119.254723,760.0,GovAB,CA,AUTO,Alberta
CPLS,KEY LAKE,71033,4063753,57.25,-105.6,515.5,MSC,CA,AUTO,Saskatchewan
CPLY,ISPAS,,3065712,53.851389,-111.835283,655.0,GovAB,CA,AUTO,Alberta
CPLZ,LODGE CREEK,,3023900,49.45771,-110.3412,1068.0,GovAB,CA,AUTO,Alberta
CPMA,MANNVILLE AGCM,71047,3014195,53.455557,-111.255280,656.0,GovAB,CA,AUTO,Alberta
CPMK,MANKOTA,71204,4034910,49.099588,-107.022199,838.886,MSC,CA,AUTO,Saskatchewan
CPML,MOSSLEIGH AGCM,71057,3034577,50.672501,-113.348613,965.0,GovAB,CA,AUTO,Alberta
CPMR,ST. MARY RESERVOIR,71837,3056100,49.361389,-113.11,1128.0,GovAB,CA,AUTO,Alberta
CPNB,EVANSBURG2 AGCM,71481,3062476,53.613889,-115.062247,785.0,GovAB,CA,AUTO,Alberta
CPNS,NEW SAREPTA AGCM,71067,3014795,53.262225,-113.165002,765.0,GovAB,CA,AUTO,Alberta
CPNU,SUNNYNOOK AGCM,,3026264,51.300836,-111.388064,775.0,GovAB,CA,AUTO,Alberta
CPNX,RANFURLY AUTO,71637,3015401,53.4249,-111.7257,688.0,MSC,CA,AUTO,Alberta
CPOW,SNOW LAKE,73136,5022710,54.877882,-100.013308,308.72,MSC,CA,AUTO,Manitoba
CPOX,SASKATOON RCS,71496,4057165,52.173753,-106.718888,505.123,MSC,CA,AUTO,Saskatchewan
CPOY,CYPRESS RIVER RCS,71239,5010641,49.562407,-99.073804,375.603,MSC,CA,AUTO,Manitoba
CPPN,SOCIAL PLAINS AGCM,,3036040,50.732000,-110.214700,741.0,GovAB,CA,AUTO,Alberta
CPPR,PRINCE ALBERT GLASS FIELD,73002,4056243,53.210207,-105.676677,426.629,MSC,CA,AUTO,Saskatchewan
CPPT,PATRICIA AGCM,,3025013,50.74002,-111.621000,726.0,GovAB,CA,AUTO,Alberta
CPPV,PLEASANT VIEW,,3065200,54.963894,-113.320578,649.0,GovAB,CA,AUTO,Alberta
CPQD,THE PAS CLIMATE,71695,5052890,53.974776,-101.088925,273.69,MSC,CA,AUTO,Manitoba
CPQW,NORTH BATTLEFORD RCS,71754,4045607,52.76931,-108.250355,544.687,MSC,CA,AUTO,Saskatchewan
CPRD,PRIDDIS OBSERVATORY,,3033505,50.869167,-114.291667,1267.0,GovAB,CA,AUTO,Alberta
CPRE,RAINIER AGCM,,3035355,50.366667,-112.116667,765.0,GovAB,CA,AUTO,Alberta
CPRH,ROLLING HILLS AGCM,71105,3035530,50.265002,-111.701111,645.0,GovAB,CA,AUTO,Alberta
CPRJ,YORKTON RCS,71886,4019073,51.260003,-102.461318,498.400,MSC,CA,AUTO,Saskatchewan
CPRL,ROSALIND AGCM,71202,3015600,52.792269,-112.422369,712.0,GovAB,CA,AUTO,Alberta
CPRO,ROSEMARY AGDM,71537,3035650,50.833333,-112.05,714.0,GovAB,CA,AUTO,Alberta
CPRR,MILK RIVER RIDGE RESERVOIR,71015,3044545,49.283889,-112.538333,1305.0,GovAB,CA,AUTO,Alberta
CPRV,ROMA,73104,3075043,56.193322,-117.451958,560.18,MSC,CA,AUTO,Alberta
CPRW,RADWAY AGCM,71545,3015346,53.995001,-112.879167,625.0,GovAB,CA,AUTO,Alberta
CPRY,RAYMOND AGDM,71536,3035422,49.483333,-112.683333,937.0,GovAB,CA,AUTO,Alberta
CPSA,SEDALIA AGCM,71399,3015797,51.59028,-110.754723,755.0,GovAB,CA,AUTO,Alberta
CPSD,STANDARD AGCM,71440,3036086,51.228335,-112.981946,901.0,GovAB,CA,AUTO,Alberta
CPSH,SHONTS AGCM,71405,3015900,53.332500,-112.539446,679.0,GovAB,CA,AUTO,Alberta
CPSP,SPONDIN AGCM,71413,3016070,51.815836,-111.682501,804.0,GovAB,CA,AUTO,Alberta
CPSQ,SWEETGRASS LANDING,,3076330,58.852889,-111.997,212.0,GovAB,CA,AUTO,Alberta
CPST,STRATHMORE AGDM,71526,3036205,51.033333,-113.283333,967.0,GovAB,CA,AUTO,Alberta
CPSU,SIOUX FALLS CLIMATE,71168,9052008,43.73353,-96.623436,483.02,MSC,CA,AUTO,
CPSV,SEVEN PERSONS AGDM,71525,3035845,49.916667,-110.916667,766.0,GovAB,CA,AUTO,Alberta
CPSW,SAVANNA AGCM,71547,3075770,56.076112,-119.344724,703.0,GovAB,CA,AUTO,Alberta
CPSY,KINDERSLEY AIRPORT,73097,4043902,51.51612,-109.177866,692.551,MSC,CA,AUTO,Saskatchewan
CPTC,TEEPEE CREEK AGCM,71690,3076366,55.352224,-118.407501,670.0,GovAB,CA,AUTO,Alberta
CPTE,TIDE LAKE AGCM,,3036485,50.45557,-111.321400,766.0,GovAB,CA,AUTO,Alberta
CPTG,KLEEFELD (MAFRI),71646,5021500,49.529669,-96.915459,246.183,MSC,CA,AUTO,Manitoba
CPTO,THOMPSON AIRPORT,73072,5062918,55.79882,-97.87659,226.5,MSC,CA,AUTO,Manitoba
CPTR,TRAVERS AGCM,71848,3036500,50.303613,-112.862502,955.0,GovAB,CA,AUTO,Alberta
CPUN,PILGER,71655,4056121,52.41898,-105.153086,558.981,MSC,CA,AUTO,Saskatchewan
CPVA,VIKING AGCM,71888,3016841,53.182222,-111.731667,711.0,GovAB,CA,AUTO,Alberta
CPVR,VERGER,,3026800,50.895021,-111.955006,723.0,GovAB,CA,AUTO,Alberta
CPWB,WIMBORNE AGCM,71904,3027582,51.935836,-113.590834,940.0,GovAB,CA,AUTO,Alberta
CPWX,WASECA RCS,71663,4048521,53.131451,-109.405481,645.27,MSC,CA,AUTO,Saskatchewan
CPX4,REDWATER INDUSTRIAL AGCM,,301X002,53.8433,-113.0991,630,GovAB,CA,AUTO,Alberta
CPXB,BUFFALO AGCM,,3020950,50.798100,-110.68558,723.0,GovAB,CA,AUTO,Alberta
CPXC,BLACKIE AGCM,,3030690,50.545579,-113.640278,1019.0,GovAB,CA,AUTO,Alberta
CPXH,HAND HILLS AGCM,,3022990,51.4525,-112.135200,941.0,GovAB,CA,AUTO,Alberta
CPXS,SHEERNESS AGCM,,3025890,51.46278,-111.646400,852.0,GovAB,CA,AUTO,Alberta
CPXX,RALSTON AGCM,,3035362,50.099100,-111.21308,770.0,GovAB,CA,AUTO,Alberta
CPYQ,CHURCHILL CLIMATE,71696,5060608,58.73929,-94.075022,31.086,MSC,CA,AUTO,Manitoba
CPYS,YELLOW GRASS NORTH,73001,4019041,49.820245,-104.181048,578.506,MSC,CA,AUTO,Saskatchewan
CPZC,CAMPSIE AUTO,71636,3061201,54.1306,-114.6776,648.0,MSC,CA,AUTO,Alberta
CPZH,SLAVE LAKE RCS,71693,3065997,55.296486,-114.78445,584.0,MSC,CA,AUTO,Alberta
CPZK,KIRRIEMUIR AGCM,,3023660,51.913078,-110.358915,711.0,GovAB,CA,AUTO,Alberta
CPZL,LATHOM AGCM,,3033770,50.60029,-112.298903,810.0,GovAB,CA,AUTO,Alberta
CPZN,PINHORN AGCM,,3045100,49.028895,-111.025017,1061.0,GovAB,CA,AUTO,Alberta
CPZW,WARNER AGCM,,3046951,49.282792,-112.160296,1004.0,GovAB,CA,AUTO,Alberta
CTAG,FORT FRANCES RCS,71962,6022474,48.65118,-93.43896,342.660,MSC,CA,AUTO,Ontario
CTBF,BRANTFORD AIRPORT,71602,6140942,43.13733,-80.331275,246.941,MSC,CA,AUTO,Ontario
CTBO,BROCKVILLE CLIMATE,71161,6100970,44.635233,-75.751617,122.425,MSC,CA,AUTO,Ontario
CTBT,BEATRICE CLIMATE,71694,6110607,45.135713,-79.398931,285.168,MSC,CA,AUTO,Ontario
CTCK,MOOSE CREEK WELLS,71635,6105397,45.251227,-74.962954,86.162,MSC,CA,AUTO,Ontario
CTKG,KINGSTON CLIMATE,71820,6104142,44.218,-76.595,113.3,MSC,CA,AUTO,Ontario
CTKR,KENORA RCS,71151,6034073,49.790497,-94.361239,412.544,MSC,CA,AUTO,Ontario
CTLS,LAKE SUPERIOR PROVINCIAL PARK,71640,6054425,47.72305,-84.81404,400.509,MSC,CA,AUTO,Ontario
CTMS,TIMMINS CLIMATE,71193,6078282,48.568,-81.378,296.0,MSC,CA,AUTO,Ontario
CTNK,ALGONQUIN PARK EAST GATE,71581,6080192,45.535689,-78.261698,400.078,MSC,CA,AUTO,Ontario
CTPM,PEMBROKE,71196,6106367,45.86007,-77.252387,161.521,MSC,CA,AUTO,Ontario
CTRA,RAWSON LAKE (AUT),71855,6036907,49.664152,-93.732919,434.742,MSC,CA,AUTO,Ontario
CTRY,MONO CENTRE,71098,6157000,44.032498,-80.024285,437.4,MSC,CA,AUTO,Ontario
CTSB,SUDBURY CLIMATE,71733,6068145,46.6324,-80.796,350.0,MSC,CA,AUTO,Ontario
CTTR,TOBERMORY RCS,71767,6128330,45.22414,-81.635069,211.264,MSC,CA,AUTO,Ontario
CTUX,UXBRIDGE WEST,71932,6159123,44.098248,-79.163552,321.87,MSC,CA,AUTO,Ontario
CTWL,WELLAND-PELHAM,71752,6139449,42.973197,-79.325323,180.0,MSC,CA,AUTO,Ontario
CTXR,EARLTON CLIMATE,71213,6072230,47.697482,-79.853365,245.437,MSC,CA,AUTO,Ontario
CTZE,GORE BAY CLIMATE,71956,6092920,45.889797,-82.572159,195.84,MSC,CA,AUTO,Ontario
CTZN,NORTH BAY AIRPORT,73016,6085695,46.372723,-79.423555,365.5,MSC,CA,AUTO,Ontario
CTZR,SARNIA CLIMATE,71746,6127519,42.994835,-82.307414,181.912,MSC,CA,AUTO,Ontario
CVAS,ASHCROFT,71681,1160515,50.708438,-121.281258,328.5,MSC,CA,AUTO,British Columbia
CVBB,DELTA BURNS BOG,71042,1102415,49.125992,-123.002436,4.6,MSC,CA,AUTO,British Columbia
CVBD,BELLA COOLA AIRPORT,71533,1060844,52.388507,-126.586783,38.200,MSC,CA,AUTO,British Columbia
CVBR,BURWASH AIRPORT AUTO,71195,2100184,61.370132,-139.032477,802.5,MSC,CA,AUTO,Yukon
CVCL,CULTUS LAKE,,1102221,49.078938,-121.978702,45.7,MSC,CA,AUTO,British Columbia
CVCW,CLEARWATER AUTO,71645,1161650,51.652609,-120.082309,455.978,MSC,CA,AUTO,British Columbia
CVFJ,FORT ST JAMES GOLF CLUB,73047,1092977,54.459673,-124.292078,707.831,MSC,CA,AUTO,British Columbia
CVFN,FORT NELSON,71594,1192948,58.841389,-122.574167,380.4,MSC,CA,AUTO,British Columbia
CVFS,FORT ST JAMES AUTO,71933,1092975,54.455433,-124.285532,688.36,MSC,CA,AUTO,British Columbia
CVGE,GOLDEN AIRPORT,71905,1173220,51.300275,-116.984435,787.935,MSC,CA,AUTO,British Columbia
CVHD,PORT HARDY AIRPORT,73014,1026273,50.684839,-127.380436,20.209,MSC,CA,AUTO,British Columbia
CVKC,KITIMAT FOREST AVE,73007,1064324,54.056434,-128.604077,106.454,MSC,CA,AUTO,British Columbia
CVKU,KELOWNA UBCO,71644,1123996,49.940767,-119.400214,458.0,MSC,CA,AUTO,British Columbia
CVLY,LYTTON RCS,71765,1114746,50.224545,-121.581879,226.8,MSC,CA,AUTO,British Columbia
CVME,MERRITT,71557,1125073,50.112691,-120.778099,592.5,MSC,CA,AUTO,British Columbia
CVOC,WHISTLER - NESTERS,71687,1100875,50.1289,-122.9546,661.8,MSC,CA,AUTO,British Columbia
CVOD,CALLAGHAN VALLEY,71688,1101300,50.14405,-123.110608,887.4,MSC,CA,AUTO,British Columbia
CVOM,PORT MELLON,71605,1046332,49.5263,-123.496211,130.8,MSC,CA,AUTO,British Columbia
CVOO,NORTH COWICHAN,71927,1015630,48.824209,-123.718917,46.8,MSC,CA,AUTO,British Columbia
CVOP,POWELL RIVER,71720,1046392,49.834356,-124.498176,127.0,MSC,CA,AUTO,British Columbia
CVOQ,QUALICUM BEACH AIRPORT,71766,1026562,49.337222,-124.393889,60.2,MSC,CA,AUTO,British Columbia
CVOU,SECHELT AUT,71638,1047172,49.457998,-123.715224,87.151,MSC,CA,AUTO,British Columbia
CVPE,HOPE AIRPORT,71114,1113543,49.369843,-121.493708,41.0,MSC,CA,AUTO,British Columbia
CVPX,PRINCE GEORGE MASSEY AUTO,,1096454,53.90001,-122.790803,602.163,MSC,CA,AUTO,British Columbia
CVQZ,QUESNEL AIRPORT AUTO,71779,1096631,53.026929,-122.506271,544.397,MSC,CA,AUTO,British Columbia
CVRA,REVELSTOKE AIRPORT AUTO,71882,1176755,50.958123,-118.176407,445.116,MSC,CA,AUTO,British Columbia
CVSA,SAANICHTON CFIA,73028,1016943,48.621733,-123.410233,25.5,MSC,CA,AUTO,British Columbia
CVSJ,FORT ST JOHN AIRPORT,73090,1183002,56.247478,-120.750133,692.792,MSC,CA,AUTO,British Columbia
CVSL,OOTSA LAKE SKINS LAKE,71679,1085836,53.771997,-125.996842,861.9,MSC,CA,AUTO,British Columbia
CVTF,TSAWWASSEN FERRY AUTO,,1108291,49.0039,-123.1333,8.3,MSC,CA,AUTO,British Columbia
CVTS,SATURNA CAPMON,71914,1017099,48.775203,-123.128286,179.5,MSC,CA,AUTO,British Columbia
CVVR,VANCOUVER SEA ISLAND CCG,71608,1108380,49.182552,-123.187254,4.118,MSC,CA,AUTO,British Columbia
CVXC,CRANBROOK AIRPORT AUTO,71660,1152106,49.61766,-115.789025,930.837,MSC,CA,AUTO,British Columbia
CVXS,PRINCE GEORGE AIRPORT AUTO,71302,1096453,53.888996,-122.67208,680.440,MSC,CA,AUTO,British Columbia
CVXY,WHITEHORSE AUTO,71773,2101310,60.733208,-135.097817,714.0,MSC,CA,AUTO,Yukon
CVYD,SMITHERS AIRPORT AUTO,71268,1077501,54.824275,-127.189264,519.997,MSC,CA,AUTO,British Columbia
CVZP,SANDSPIT AIRPORT AUTO,71101,1057051,53.249444,-131.813138,10.900,MSC,CA,AUTO,British Columbia
CVZY,MACKENZIE AIRPORT AUTO,71944,1184793,55.305279,-123.137895,695.6,MSC,CA,AUTO,British Columbia
CWAE,Whistler,,1048899,50.16670,-122.90000,657.8,NAV CANADA,NC-HWOS,MAN,British Columbia
CWAF,ILE ROUGE,71426,7043BP9,48.068802,-69.555347,4.9,MSC,CA,AUTO,Quebec
CWAG,LA SCIE,71337,8402520,49.9128,-55.6713,196.0,MSC,CA,AUTO,Newfoundland and Labrador
CWAQ,CORONACH SPC,71516,40318MN,49.057766,-105.490473,762.187,MSC,CA,AUTO,Saskatchewan
CWAR,ARGENTIA (AUT),71807,8400104,47.310633,-53.998173,10.9,MSC,CA,AUTO,Newfoundland and Labrador
CWAS,HOWE SOUND - PAM ROCKS,71211,10459NN,49.487798,-123.299511,9.071,MSC,CA,AUTO,British Columbia
CWAV,SUNDRE A,71248,3026KNQ,51.7781,-114.6825,1115.600,MSC,CA,AUTO,Alberta
CWAY,MOULD BAY CS,71989,250M001,76.23767,-119.347881,2.516,MSC,CA,AUTO,Northwest Territories
CWBA,BARRAGE TEMISCAMINGUE,71732,7080468,46.709657,-79.100838,182.645,MSC,CA,AUTO,Quebec
CWBD,INDIAN HEAD CDA,71515,4013480,50.556798,-103.652183,581.695,MSC,CA,AUTO,Saskatchewan
CWBJ,INNER WHALEBACKS,71162,2202560,61.920731,-113.726069,167.12,MSC,CA,AUTO,Northwest Territories
CWBK,CARIBOU POINT (AUT),71415,8200774,45.76422,-62.680444,4.091,MSC,CA,AUTO,Nova Scotia
CWBM,BEAVERLODGE RCS,71230,3070600,55.1967,-119.3964,746.6,MSC,CA,AUTO,Alberta
CWBO,BROOKS,71457,3030QLP,50.555337,-111.849428,748.1,MSC,CA,AUTO,Alberta
CWBS,LAC SAINT-PIERRE,71198,701LP0N,46.1833,-72.9167,16.2,MSC,CA,AUTO,Quebec
CWBT,LONGUE-POINTE-DE-MINGAN,71512,7044328,50.271508,-64.226628,11.215,MSC,CA,AUTO,Quebec
CWBU,NIPAWIN,71312,407N51G,53.3323,-104.0031,369.5,MSC,CA,AUTO,Saskatchewan
CWBV,BEAVER ISLAND (AUT),71403,8200558,44.82476,-62.338838,7.5,MSC,CA,AUTO,Nova Scotia
CWBY,PORT-MENIER,71810,7056202,49.838383,-64.29356,54.845,MSC,CA,AUTO,Quebec
CWBZ,ST-ANICET 1,71712,702FQLF,45.120816,-74.289519,49.690,MSC,CA,AUTO,Quebec
CWCF,BERENS RIVER CS,71158,5030203,52.359792,-97.021983,222.657,MSC,CA,AUTO,Manitoba
CWCH,ATIKOKAN (AUT),71747,6020LPQ,48.760939,-91.62823,389.140,MSC,CA,AUTO,Ontario
CWCI,CARIBOU ISLAND (AUT),71433,6041222,47.339379,-85.826062,185.443,MSC,CA,AUTO,Ontario
CWCJ,PUKASKWA (AUT),71750,6046768,48.607707,-86.287335,191.361,MSC,CA,AUTO,Ontario
CWCT,CORONATION CLIMATE,71318,3011887,52.07427,-111.449205,790.98,MSC,CA,AUTO,Alberta
CWDA,ENGLEE (AUT),71417,8401538,50.721137,-56.112844,34.15,MSC,CA,AUTO,Newfoundland and Labrador
CWDC,URANIUM CITY (AUT),71076,406QLD0,59.560859,-108.47757,319.7,MSC,CA,AUTO,Saskatchewan
CWDE,LAC BENOIT,71520,706I001,51.5324,-71.1104,549.0,MSC,CA,AUTO,Quebec
CWDI,BADGER (AUT),71400,8400301,48.968153,-56.060969,110.0,MSC,CA,AUTO,Newfoundland and Labrador
CWDJ,REGINA RCS,71514,4016699,50.42691,-104.670143,577.422,MSC,CA,AUTO,Saskatchewan
CWDK,CLARESHOLM,71234,3031640,50.003467,-113.640433,1008.766,MSC,CA,AUTO,Alberta
CWDM,CHEVERY,71814,7041382,50.464872,-59.639545,7.446,MSC,CA,AUTO,Quebec
CWDO,TWILLINGATE (AUT),71402,8404025,49.6833,-54.8,81.0,MSC,CA,AUTO,Newfoundland and Labrador
CWDP,MANOUANE EST,71521,706I155,50.656472,-70.532028,497.0,MSC,CA,AUTO,Quebec
CWDQ,LA TUQUE,71378,707DBD4,47.410914,-72.787581,168.100,MSC,CA,AUTO,Quebec
CWDR,DISCOVERY ISLAND,71031,1012475,48.4246,-123.225833,21.1,MSC,CA,AUTO,British Columbia
CWDT,CHUTE-DES-PASSES,71522,7061541,49.840138,-71.168333,398.2,MSC,CA,AUTO,Quebec
CWDU,COP UPPER,71235,3031875,51.0762,-114.2225,1236.2,MSC,CA,AUTO,Alberta
CWDV,UPSALA (AUT),71435,6049095,49.036,-90.4613,488.668,MSC,CA,AUTO,Ontario
CWDW,ST ANTHONY,71558,8403399,51.386961,-56.090042,34.15,MSC,CA,AUTO,Newfoundland and Labrador
CWDZ,DRUMHELLER EAST,71237,30221LG,51.4451,-112.6758,679.300,MSC,CA,AUTO,Alberta
CWEA,PINAWA,71448,503B1ER,50.177455,-96.064588,267.916,MSC,CA,AUTO,Manitoba
CWEB,ESTEVAN POINT CS,71894,1032731,49.3832,-126.5447,8.0,MSC,CA,AUTO,British Columbia
CWEC,WELCOME ISLAND (AUT),71751,6049443,48.369485,-89.119559,212.353,MSC,CA,AUTO,Ontario
CWEE,CHAMOUCHOUANE,71523,7061288,49.278305,-73.355861,304.99,MSC,CA,AUTO,Quebec
CWEF,ST PAUL ISLAND (AUT),71418,8204909,47.226333,-60.139972,26.0,MSC,CA,AUTO,Nova Scotia
CWEH,EASTEND CYPRESS (AUT),71131,4032322,49.43763,-108.98887,1079.816,MSC,CA,AUTO,Saskatchewan
CWEI,MELITA,71447,501A7AR,49.281262,-100.986228,445.94,MSC,CA,AUTO,Manitoba
CWEK,GREY ISLET (AUT),71476,1063303,54.5803,-130.6978,10.9,MSC,CA,AUTO,British Columbia
CWEL,ENTRANCE ISLAND,71772,1022689,49.208664,-123.810536,8.979,MSC,CA,AUTO,British Columbia
CWEO,LAC EON,71421,704C64L,51.86738,-63.283231,569.75,MSC,CA,AUTO,Quebec
CWEP,EAST POINT (AUT),71412,8300418,46.4596,-61.987842,8.089,MSC,CA,AUTO,Prince Edward Island
CWEQ,SWAN RIVER RCS,71443,504K80K,52.115144,-101.232791,335.012,MSC,CA,AUTO,Manitoba
CWER,ILE D'ORLEANS,71424,70132G9,46.9967,-70.8083,3.6,MSC,CA,AUTO,Quebec
CWEU,Eureka,71917,2401208,79.99440,-85.81190,82.9,NAV CANADA,NC-AWOS,AUTO,Nunavut
CWEU,Eureka,71917,2401203,79.99440,-85.81190,82.9,NAV CANADA,NC-HWOS,MAN,Nunavut
CWEW,L'ASSOMPTION,71524,7014160,45.809397,-73.434814,18.835,MSC,CA,AUTO,Quebec
CWEX,EMERSON AUTO,71560,5020881,49.0,-97.2375,243.5,MSC,CA,AUTO,Manitoba
CWEZ,SATURNA ISLAND,71473,1017101,48.783215,-123.045807,25.4,MSC,CA,AUTO,British Columbia
CWFE,ELK ISLAND NAT PARK,71238,3012275,53.682619,-112.868105,714.85,MSC,CA,AUTO,Alberta
CWFF,MELFORT,71456,4055079,52.816274,-104.596511,487.343,MSC,CA,AUTO,Saskatchewan
CWFG,SARTINE ISLAND (AUT),71478,1037090,50.819384,-128.906201,107.170,MSC,CA,AUTO,British Columbia
CWFJ,CARDSTON,71153,3031322,49.2008,-113.2859,1137.2,MSC,CA,AUTO,Alberta
CWFO,FLIN FLON,71954,5050919,54.678101,-101.679182,302.771,MSC,CA,AUTO,Manitoba
CWFP,NAIN,71665,8502799,56.55,-61.6833,7.6,MSC,CA,AUTO,Newfoundland and Labrador
CWFQ,FRELIGHSBURG,71373,7022579,45.039571,-72.856107,226.074,MSC,CA,AUTO,Quebec
CWFW,BAIE-COMEAU,71829,704S001,49.259088,-68.145631,131.66,MSC,CA,AUTO,Quebec
CWFZ,FORT RELIANCE (AUT),71160,2201903,62.711303,-109.168219,168.553,MSC,CA,AUTO,Northwest Territories
CWGB,BALLENAS ISLAND,71769,1020590,49.350581,-124.160523,14.51,MSC,CA,AUTO,British Columbia
CWGD,GODERICH,71261,6122847,43.764791,-81.712275,215.25,MSC,CA,AUTO,Ontario
CWGF,GARDEN RIVER,71253,307KPFP,58.7108,-113.8665,242.0,MSC,CA,AUTO,Alberta
CWGH,GRENADIER ISLAND,71281,6103024,44.455,-75.862,83.5,MSC,CA,AUTO,Ontario
CWGL,LAGOON CITY,71282,6114295,44.548,-79.221,211.5,MSC,CA,AUTO,Ontario
CWGM,WATERTON PARK GATE,71154,3056214,49.131256,-113.808608,1292.360,MSC,CA,AUTO,Alberta
CWGN,GRETNA (AUT),71441,5021220,49.030841,-97.560191,251.606,MSC,CA,AUTO,Manitoba
CWGP,PEMBERTON AIRPORT,71777,1086082,50.305556,-122.733889,207.0,MSC,CA,AUTO,British Columbia
CWGR,ILES DE LA MADELEINE,71710,7053KGR,47.425194,-61.774667,9.6,MSC,CA,AUTO,Quebec
CWGT,SISTERS ISLAND,71781,1027403,49.486437,-124.43487,23.6,MSC,CA,AUTO,British Columbia
CWGW,SPARWOOD CS,71782,1157631,49.745,-114.8839,1137.9,MSC,CA,AUTO,British Columbia
CWGX,GILLAM,73087,5060999,56.35936,-94.70411,145.5,MSC,CA,AUTO,Manitoba
CWGY,ESTHER 1,71240,301B460,51.6697,-110.2061,702.3,MSC,CA,AUTO,Alberta
CWGZ,Grise Fiord,,2402360,76.42580,-82.90810,41.1,NAV CANADA,NC-AWOS,AUTO,Nunavut
CWGZ,Grise Fiord,,2402338,76.42580,-82.90810,41.1,NAV CANADA,NC-HWOS,MAN,Nunavut
CWHC,VANCOUVER HARBOUR CS,71201,1108446,49.295348,-123.121687,4.0,MSC,CA,AUTO,British Columbia
CWHL,HOLLAND ROCK,71219,1063496,54.1723,-130.361,7.0,MSC,CA,AUTO,British Columbia
CWHO,HOPEDALE (AUT),71900,8502400,55.45,-60.2167,10.1,MSC,CA,AUTO,Newfoundland and Labrador
CWHQ,DESCHAMBAULT,71389,7011983,46.690641,-71.971732,60.736,MSC,CA,AUTO,Quebec
CWHT,HAINES JUNCTION,71505,2100630,60.772669,-137.580447,600.0,MSC,CA,AUTO,Yukon
CWHV,BEAUCEVILLE,71323,7028754,46.204894,-70.785096,229.756,MSC,CA,AUTO,Quebec
CWIC,ISACHSEN (AUT),71074,2402604,78.793968,-102.471566,49.626,MSC,CA,AUTO,Nunavut
CWID,FORT PROVIDENCE,71087,2201799,61.31697,-117.602073,161.453,MSC,CA,AUTO,Northwest Territories
CWIG,ISLE AUX GRUES,,701LBPH,47.073513,-70.532908,18.3,MSC,CA,AUTO,Quebec
CWII,VICTORIA BEACH (AUT),71552,5032951,50.694442,-96.562477,220.165,MSC,CA,AUTO,Manitoba
CWIJ,LUPIN CS,71470,230N002,65.755618,-111.245862,496.902,MSC,CA,AUTO,Nunavut
CWIK,BROADVIEW,71861,4010879,50.375747,-102.569282,601.039,MSC,CA,AUTO,Saskatchewan
CWIP,POINTE NOIRE CS,71390,704Q003,50.162399,-66.433959,29.097,MSC,CA,AUTO,Quebec
CWIS,CHARLEVOIX (MRC),71319,7041312,47.284039,-70.637251,722.453,MSC,CA,AUTO,Quebec
CWIT,STE-CLOTILDE,71614,7027039,45.166722,-73.6782,53.291,MSC,CA,AUTO,Quebec
CWIW,WATROUS EAST,71511,4018642,51.667115,-105.398394,525.114,MSC,CA,AUTO,Saskatchewan
CWIX,MISTOOK,71381,7065012,48.598333,-71.715944,112.5,MSC,CA,AUTO,Quebec
CWIZ,L'ACADIE,71372,702LED4,45.293967,-73.349847,43.8,MSC,CA,AUTO,Quebec
CWJB,STE-FOY (U. LAVAL),71392,701Q004,46.780269,-71.287447,91.4,MSC,CA,AUTO,Quebec
CWJC,ENNADAI LAKE (AUT),71923,2301102,61.131511,-100.883392,351.114,MSC,CA,AUTO,Nunavut
CWJD,GRAND RAPIDS (AUT),71858,5031A10,53.186681,-99.26813,224.368,MSC,CA,AUTO,Manitoba
CWJH,SOUTHEND,71451,4067655,56.337567,-103.286918,344.103,MSC,CA,AUTO,Saskatchewan
CWJI,ASSINIBOIA AIRPORT,71487,4020286,49.729471,-105.946243,723.862,MSC,CA,AUTO,Saskatchewan
CWJL,FORT LIARD,71497,2201579,60.235775,-123.472672,214.4,MSC,CA,AUTO,Northwest Territories
CWJN,HERSCHEL ISLAND,71501,2100636,69.567788,-138.911241,2.4,MSC,CA,AUTO,Yukon
CWJO,JONQUIERE,71617,7063370,48.425026,-71.142508,128.257,MSC,CA,AUTO,Quebec
CWJR,CRESTON CAMPBELL SCIENTIFIC,71770,114B1F0,49.081663,-116.500765,642.168,MSC,CA,AUTO,British Columbia
CWJT,ST-JOVITE,71376,703GDKB,46.080518,-74.555757,235.406,MSC,CA,AUTO,Quebec
CWJU,LANGARA ISLAND RCS,71903,1054503,54.2553,-133.0583,50.5,MSC,CA,AUTO,British Columbia
CWJV,VERNON AUTO,71115,1128582,50.2233,-119.1936,484.0,MSC,CA,AUTO,British Columbia
CWJX,LEADER AIRPORT,71459,402DAF0,50.876341,-109.501379,674.301,MSC,CA,AUTO,Saskatchewan
CWKA,GRIEF POINT,,1043304,49.8046,-124.5252,10.0,MSC,CA,AUTO,British Columbia
CWKB,CORNER BROOK,71973,8401298,48.93519,-57.909741,151.8,MSC,CA,AUTO,Newfoundland and Labrador
CWKD,BONNARD 1,71383,7060826,50.7289,-71.0131,498.0,MSC,CA,AUTO,Quebec
CWKF,LILLOOET,71999,1114619,50.683714,-121.93411,240.5,MSC,CA,AUTO,British Columbia
CWKG,KEJIMKUJIK 1,71599,8202592,44.4322,-65.2031,127.600,MSC,CA,AUTO,Nova Scotia
CWKH,MALAHAT,71774,1014820,48.5749,-123.5299,366.8,MSC,CA,AUTO,British Columbia
CWKK,LITTLE FLATLAND ISLAND (AUT),71468,6049470,49.689923,-88.305732,262.241,MSC,CA,AUTO,Ontario
CWKM,KOMAKUK BEACH,71046,2100682,69.61194,-140.19690,13.0,DND,DND-AWOS,AUTO,Yukon
CWKO,ROCKGLEN (AUT),71135,4036844,49.167983,-105.979313,915.615,MSC,CA,AUTO,Saskatchewan
CWKV,Hope Slide,,1113582,49.28330,-121.23300,687.8,NAV CANADA,NC-HWOS,MAN,British Columbia
CWKX,DEASE LAKE (AUT),71222,119BLM0,58.425953,-130.024949,802.847,MSC,CA,AUTO,British Columbia
CWLB,LAC LA BICHE CLIMATE,71316,3063686,54.7689,-112.0236,568.6,MSC,CA,AUTO,Alberta
CWLC,LUCY ISLAND LIGHTSTATION,71220,1064728,54.2959,-130.609,45.6,MSC,CA,AUTO,British Columbia
CWLE,LUCKY LAKE,71455,4024714,50.95,-107.15,666.2,MSC,CA,AUTO,Saskatchewan
CWLF,LANSDOWNE HOUSE (AUT),71846,6014353,52.196278,-87.935753,252.772,MSC,CA,AUTO,Ontario
CWLG,LITTLE CHICAGO,71164,220B6Q3,67.179326,-130.228035,44.455,MSC,CA,AUTO,Northwest Territories
CWLJ,MEADOW LAKE,71970,406N0NM,54.128616,-108.510957,480.885,MSC,CA,AUTO,Saskatchewan
CWLM,VICTORIA GONZALES CS,71200,1018611,48.413302,-123.324775,65.339,MSC,CA,AUTO,British Columbia
CWLP,HERBERT ISLAND (AUT),71485,1063461,50.9399,-127.6322,14.900,MSC,CA,AUTO,British Columbia
CWLS,MOUNT FOREST,71631,6145504,43.989419,-80.744694,414.639,MSC,CA,AUTO,Ontario
CWLV,WASKESIU LAKE,71454,4068559,53.914831,-106.069792,568.943,MSC,CA,AUTO,Saskatchewan
CWME,CATHEDRAL POINT (AUT),71482,1061458,52.187475,-127.471103,27.0,MSC,CA,AUTO,British Columbia
CWMI,MISCOU ISLAND (AUT),71719,8103050,48.008918,-64.49447,5.2,MSC,CA,AUTO,New Brunswick
CWMJ,MANIWAKI AIRPORT,71721,7034482,46.273566,-75.987758,198.688,MSC,CA,AUTO,Quebec
CWMM,PITT MEADOWS CS,71775,1106178,49.208307,-122.690076,6.3,MSC,CA,AUTO,British Columbia
CWMQ,MAPLE CREEK,71453,4024919,49.902487,-109.466414,764.686,MSC,CA,AUTO,Saskatchewan
CWMT,WHATI,71163,2202678,63.1343,-117.244497,270.632,MSC,CA,AUTO,Northwest Territories
CWMZ,WESTERN ISLAND (AUT),71438,6119M51,45.0333,-80.3667,185.6,MSC,CA,AUTO,Ontario
CWNC,COBOURG (AUT),71431,6151684,43.9561,-78.151,78.0,MSC,CA,AUTO,Ontario
CWND,PELLY ISLAND,71502,2203095,69.622455,-135.435683,18.2,MSC,CA,AUTO,Northwest Territories
CWNE,NORTH CAPE,71987,8300516,47.058163,-63.99707,4.2,MSC,CA,AUTO,Prince Edward Island
CWNH,RIVIERE-DU-LOUP,71715,7056616,47.806084,-69.548447,146.939,MSC,CA,AUTO,Quebec
CWNK,CARMAN U OF M CS,71147,502I001,49.498195,-98.029732,267.965,MSC,CA,AUTO,Manitoba
CWNM,NELSON CS,71776,1145M29,49.4914,-117.3053,535.9,MSC,CA,AUTO,British Columbia
CWNO,Pink Mountain,,1186173,56.56070,-122.71700,960.1,NAV CANADA,NC-HWOS,MAN,British Columbia
CWNP,NAKUSP AIRPORT,71216,1145297,50.263627,-117.811614,513.098,MSC,CA,AUTO,British Columbia
CWNQ,NICOLET,71723,7025442,46.225979,-72.657072,8.704,MSC,CA,AUTO,Quebec
CWNR,NAKISKA RIDGETOP,71245,305MGFF,50.943843,-115.191165,2449.3,MSC,CA,AUTO,Alberta
CWNS,NORTHEAST MARGAREE,73027,8204154,46.368502,-60.976133,46.221,MSC,CA,AUTO,Nova Scotia
CWNV,MACMILLAN PASS,71990,2100693,63.24366,-130.037282,1378.927,MSC,CA,AUTO,Yukon
CWNZ,NAGAGAMI (AUT),71832,6075543,49.747129,-84.163621,264.508,MSC,CA,AUTO,Ontario
CWOC,NEW CARLISLE 1,71619,7055422,48.011975,-65.331674,46.94,MSC,CA,AUTO,Quebec
CWOD,NORMANDIN,71379,7065639,48.841979,-72.54643,152.397,MSC,CA,AUTO,Quebec
CWOE,ONEFOUR CDA,71116,3044923,49.122958,-110.469033,935.754,MSC,CA,AUTO,Alberta
CWOI,IVVAVIK NAT. PARK,71978,2100660,69.1644,-140.15,244.8,MSC,CA,AUTO,Yukon
CWOJ,OAK POINT MARINE,71144,504K0NM,50.499494,-98.036614,251.907,MSC,CA,AUTO,Manitoba
CWOK,ELBOW CS,71450,4022359,51.125731,-106.582299,593.904,MSC,CA,AUTO,Saskatchewan
CWON,DAWSON,71966,2100LRP,64.044442,-139.126937,375.8,MSC,CA,AUTO,Yukon
CWOO,MCCREARY,71149,5043158,50.711861,-99.530045,351.076,MSC,CA,AUTO,Manitoba
CWOY,WYNYARD (AUT),71865,40190LN,51.765816,-104.19242,560.803,MSC,CA,AUTO,Saskatchewan
CWPA,HENDRICKSON CREEK,71979,3063135,53.79428,-118.445061,1449.3,MSC,CA,AUTO,Alberta
CWPC,PORT COLBORNE (AUT),71463,613F606,42.8667,-79.25,185.0,MSC,CA,AUTO,Ontario
CWPD,L'ETAPE,71382,7015791,47.562227,-71.22901,790.618,MSC,CA,AUTO,Quebec
CWPE,POINT LEPREAU CS,71699,8104201,45.073152,-66.449394,7.5,MSC,CA,AUTO,New Brunswick
CWPF,ESQUIMALT HARBOUR,71798,1012710,48.431972,-123.439333,4.7,MSC,CA,AUTO,British Columbia
CWPG,PORTAGE SOUTHPORT,71851,5012324,49.903044,-98.283776,271.945,MSC,CA,AUTO,Manitoba
CWPK,PARENT,71726,7075800,47.922492,-74.624283,445.194,MSC,CA,AUTO,Quebec
CWPL,PICKLE LAKE (AUT),71835,6016525,51.4492,-90.2181,391.294,MSC,CA,AUTO,Ontario
CWPN,PEMBERTON AIRPORT (WINDS),,1086081,50.3022,-122.7381,205.0,MSC,CA,AUTO,British Columbia
CWPO,PILOT MOUND (AUT),71148,5022125,49.187933,-98.9064,472.5,MSC,CA,AUTO,Manitoba
CWPR,PRINCETON CS,71032,112FN0M,49.465159,-120.514858,698.096,MSC,CA,AUTO,British Columbia
CWPS,LONG POINT (AUT),71464,6134F10,42.5486,-80.0494,180.0,MSC,CA,AUTO,Ontario
CWPU,PUNTZI MOUNTAIN AIRPORT (AUT),71050,1086558,52.108869,-124.152797,912.59,MSC,CA,AUTO,British Columbia
CWPZ,BURNS LAKE DECKER LAKE,71952,1091174,54.383092,-125.95879,715.191,MSC,CA,AUTO,British Columbia
CWQB,QUEBEC/JEAN LESAGE INTL,71714,701S001,46.803625,-71.381678,60.658,MSC,CA,AUTO,Quebec
CWQC,PORT ALBERNI AIRPORT (AUT),71475,1036B06,49.316698,-124.926912,78.3,MSC,CA,AUTO,British Columbia
CWQD,POINTE DE L'ISLET,71190,7046059,48.135354,-69.716525,7.0,MSC,CA,AUTO,Quebec
CWQF,RABBIT KETTLE,71980,2203342,61.9631,-127.2092,619.4,MSC,CA,AUTO,Northwest Territories
CWQH,LENNOXVILLE,71611,7024280,45.368586,-71.823501,181.825,MSC,CA,AUTO,Quebec
CWQK,RACE ROCKS,71778,1016640,48.297992,-123.531394,32.900,MSC,CA,AUTO,British Columbia
CWQL,LETHBRIDGE CDA,71243,3033890,49.6846,-112.7676,911.1,MSC,CA,AUTO,Alberta
CWQM,CAP-ROUGE,71186,7041166,48.374533,-70.535259,7.3,MSC,CA,AUTO,Quebec
CWQO,ILE BICQUETTE,71385,705LKPQ,48.415205,-68.892876,7.0,MSC,CA,AUTO,Quebec
CWQP,POINT PETRE (AUT),71430,6156559,43.8395,-77.1515,80.1,MSC,CA,AUTO,Ontario
CWQQ,LACOMBE CDA 2,71242,3023722,52.448986,-113.756766,858.05,MSC,CA,AUTO,Alberta
CWQR,ILE AUX PERROQUETS,71375,7043B79,50.220664,-64.207262,9.0,MSC,CA,AUTO,Quebec
CWQS,KINDAKUN ROCKS (AUT),71472,1054222,53.3156,-132.772,15.15,MSC,CA,AUTO,British Columbia
CWQV,POINTE CLAVEAU,71189,704607C,48.260464,-70.114542,4.0,MSC,CA,AUTO,Quebec
CWQW,CAPE WHITTLE,71374,7041100,50.162833,-60.061603,7.0,MSC,CA,AUTO,Quebec
CWQY,HANBURY RIVER,71963,2202351,63.590782,-105.154276,316.134,MSC,CA,AUTO,Northwest Territories
CWRA,CAPE RACE (AUT),71800,8401000,46.660197,-53.075415,26.5,MSC,CA,AUTO,Newfoundland and Labrador
CWRJ,ROSETOWN EAST,71510,4046884,51.565288,-107.923609,587.5,MSC,CA,AUTO,Saskatchewan
CWRK,BANCROFT AUTO,71294,616I001,45.071498,-77.879936,330.73,MSC,CA,AUTO,Ontario
CWRM,ROCKY MTN HOUSE (AUT),71928,3015523,52.42131,-114.911984,971.614,MSC,CA,AUTO,Alberta
CWRN,HART ISLAND (AUT),71419,8202318,45.343109,-60.98933,8.214,MSC,CA,AUTO,Nova Scotia
CWRO,ROSE SPIT (AUT),71477,1056869,54.1591,-131.6613,8.1,MSC,CA,AUTO,British Columbia
CWRR,ROCK RIVER,71506,2100935,66.981266,-136.220922,734.501,MSC,CA,AUTO,Yukon
CWRT,CROWSNEST,71236,3051R4R,49.627648,-114.481964,1305.995,MSC,CA,AUTO,Alberta
CWRU,SOLANDER ISLAND (AUT),71479,1037553,50.111508,-127.940311,94.1,MSC,CA,AUTO,British Columbia
CWRV,CAMROSE,71254,3011240,53.042863,-112.821616,740.0,MSC,CA,AUTO,Alberta
CWRY,MILK RIVER,71244,3044533,49.133997,-112.051044,1051.6,MSC,CA,AUTO,Alberta
CWRZ,CAP-D'ESPOIR,71429,7051050,48.419409,-64.316844,15.647,MSC,CA,AUTO,Quebec
CWSA,Sable Island,71595,8204703,43.92940,-59.95970,1.2,NAV CANADA,NC-AWOS,AUTO,Nova Scotia
CWSB,POINT ATKINSON,71037,1106200,49.330352,-123.264704,15.0,MSC,CA,AUTO,British Columbia
CWSD,SUMMERSIDE,71702,8300596,46.4413,-63.837396,13.0,MSC,CA,AUTO,Prince Edward Island
CWSF,CAP-MADELEINE,71425,7051163,49.25072,-65.324634,27.324,MSC,CA,AUTO,Quebec
CWSG,CAP-CHAT,71428,705S002,49.109068,-66.654533,4.201,MSC,CA,AUTO,Quebec
CWSK,SQUAMISH AIRPORT,71207,10476F0,49.78319,-123.161232,56.6,MSC,CA,AUTO,British Columbia
CWSL,SALMON ARM CS,71218,116FRMN,50.703051,-119.290659,352.0,MSC,CA,AUTO,British Columbia
CWSN,LONDON CS,71622,6144478,43.026833,-81.14875,274.647,MSC,CA,AUTO,Ontario
CWSP,SHERINGHAM POINT,71780,1017254,48.3768,-123.921,25.0,MSC,CA,AUTO,British Columbia
CWSQ,NANGMAGVIK LAKE,71974,2500440,74.139236,-119.991597,33.1,MSC,CA,AUTO,Northwest Territories
CWSR,SPIRITWOOD WEST,71133,4067723,53.366186,-107.556173,591.883,MSC,CA,AUTO,Saskatchewan
CWSS,ST STEPHEN,71607,8104935,45.2102,-67.2529,26.848,MSC,CA,AUTO,New Brunswick
CWST,LA POCATIERE,71713,7054096,47.353955,-70.029211,31.381,MSC,CA,AUTO,Quebec
CWSU,SPRAGUE,71449,5022759,49.023812,-95.59836,329.900,MSC,CA,AUTO,Manitoba
CWSV,BLUE RIVER CS,71883,1160H99,52.128917,-119.289848,680.034,MSC,CA,AUTO,British Columbia
CWSW,Sparwood/Elk Valley,,1157635,49.83340,-114.88400,1158.2,NAV CANADA,NC-AWOS,AUTO,British Columbia
CWSW,Sparwood/Elk Valley,,1157632,49.83340,-114.88400,1158.2,NAV CANADA,NC-HWOS,MAN,British Columbia
CWSY,SACHS HARBOUR CLIMATE,71467,2503648,71.991598,-125.243112,87.236,MSC,CA,AUTO,Northwest Territories
CWSZ,FISHER BRANCH (AUT),71442,50309J6,51.083421,-97.554481,252.842,MSC,CA,AUTO,Manitoba
CWTA,MCTAVISH,71612,7024745,45.504926,-73.579185,72.583,MSC,CA,AUTO,Quebec
CWTD,ROBERTSON LAKE (AUT),71490,2303610,65.099298,-102.429464,232.154,MSC,CA,AUTO,Nunavut
CWTE,SAMBAA K'E,71166,220CQHR,60.428916,-121.258611,503.1,MSC,CA,AUTO,Northwest Territories
CWTG,POINTE-DES-MONTS,71427,704F0PN,49.316667,-67.381165,6.243,MSC,CA,AUTO,Quebec
CWTH,Tetsa River,,1195800,58.65000,-123.95000,810.0,NAV CANADA,NC-HWOS,MAN,British Columbia
CWTM,MARTICOT ISLAND,71692,840KN90,47.328252,-54.584197,29.2,MSC,CA,AUTO,Newfoundland and Labrador
CWTN,CAP-TOURMENTE,71384,7041JG6,47.0786,-70.7808,6.569,MSC,CA,AUTO,Quebec
CWTQ,MONTREAL/PIERRE ELLIOTT TRUDEAU INTL,71183,702S006,45.467803,-73.741886,32.063,MSC,CA,AUTO,Quebec
CWTS,SCOTT CDA,71489,4047240,52.359879,-108.834815,661.1,MSC,CA,AUTO,Saskatchewan
CWTT,LAC MEMPHREMAGOG,,702CFGG,45.267642,-72.161687,208.3,MSC,CA,AUTO,Quebec
CWTX,ROYAL ISLAND (AUT),71859,6037201,49.468506,-94.763124,329.235,MSC,CA,AUTO,Ontario
CWTY,TROIS-RIVIERES,71724,7018562,46.353632,-72.515573,7.261,MSC,CA,AUTO,Quebec
CWUK,CHAPAIS,71824,7091299,49.822269,-74.975442,381.1,MSC,CA,AUTO,Quebec
CWUM,FARO (AUT),71949,2100518,62.210538,-133.384957,719.0,MSC,CA,AUTO,Yukon
CWUS,SUMMERLAND CS,71768,112G8L1,49.559178,-119.645871,445.933,MSC,CA,AUTO,British Columbia
CWUT,SHOAL LAKE CS,71150,5012654,50.454384,-100.603479,560.417,MSC,CA,AUTO,Manitoba
CWUX,LA BAIE,71388,706Q001,48.29808,-70.9195,151.354,MSC,CA,AUTO,Quebec
CWUY,ROUYN,71734,7086716,48.245827,-79.0338,319.591,MSC,CA,AUTO,Quebec
CWVC,SWIFT CURRENT CDA,71446,4028060,50.259963,-107.736532,826.173,MSC,CA,AUTO,Saskatchewan
CWVF,SANDHEADS CS,71209,1107010,49.105909,-123.303374,13.0,MSC,CA,AUTO,British Columbia
CWVH,STORM HILLS,71052,220LQJJ,68.75000,-133.93330,261.0,DND,DND-AWOS,AUTO,Northwest Territories
CWVI,VEGREVILLE,71458,3016GF0,53.5053,-112.0978,640.5,MSC,CA,AUTO,Alberta
CWVN,VAL MARIE SOUTHEAST,71137,4038412,49.058184,-107.585804,796.755,MSC,CA,AUTO,Saskatchewan
CWVO,VAUXHALL CDA CS,71251,3036682,50.05,-112.1333,779.0,MSC,CA,AUTO,Alberta
CWVP,CYPRESS HILLS PARK,71139,4031999,49.640903,-109.514718,1270.455,MSC,CA,AUTO,Saskatchewan
CWVQ,STE-ANNE-DE-BELLEVUE 1,71377,702FHL8,45.427,-73.92892,38.871,MSC,CA,AUTO,Quebec
CWVT,BUFFALO NARROWS (AUT),71077,4060983,55.8406,-108.4206,441.6,MSC,CA,AUTO,Saskatchewan
CWVU,BRIER ISLAND,71988,8200604,44.285664,-66.342409,14.768,MSC,CA,AUTO,Nova Scotia
CWVW,GRATES COVE,71336,840B053,48.169918,-52.938704,42.197,MSC,CA,AUTO,Newfoundland and Labrador
CWWA,WEST VANCOUVER AUT,71784,1108824,49.347059,-123.193392,170.885,MSC,CA,AUTO,British Columbia
CWWB,BURLINGTON PIER,71437,6151061,43.300458,-79.7916,78.5,MSC,CA,AUTO,Ontario
CWWC,COLLINS BAY,71075,4061620,58.228968,-103.677934,414.1,MSC,CA,AUTO,Saskatchewan
CWWE,WESTERN HEAD,71411,8206240,43.99,-64.664167,11.26,MSC,CA,AUTO,Nova Scotia
CWWF,WEYBURN,71452,401HP5R,49.694566,-103.800814,587.171,MSC,CA,AUTO,Saskatchewan
CWWK,WHITE ROCK,71785,1108910,49.0181,-122.7839,13.0,MSC,CA,AUTO,British Columbia
CWWL,BONILLA ISLAND (AUT),71484,1060R0K,53.4929,-130.639,14.3,MSC,CA,AUTO,British Columbia
CWWN,PEAWANUCK (AUT),71434,6016295,54.99032,-85.44067,53.219,MSC,CA,AUTO,Ontario
CWWO,WILLOW CREEK 1,71252,306GE70,53.385436,-118.347672,1370.853,MSC,CA,AUTO,Alberta
CWWP,WASAGAMING,71444,5013117,50.655184,-99.941732,629.3,MSC,CA,AUTO,Manitoba
CWWQ,Muncho Lake,,1195251,59.01670,-125.76700,836.5,NAV CANADA,NC-HWOS,MAN,British Columbia
CWWS,GEORGE ISLAND (AUT),71445,5030984,52.818739,-97.616445,223.722,MSC,CA,AUTO,Manitoba
CWWZ,PORT WELLER (AUT),71432,6136699,43.244087,-79.217781,78.938,MSC,CA,AUTO,Ontario
CWXA,BOW VALLEY,71232,3050778,51.0831,-115.066,1321.3,MSC,CA,AUTO,Alberta
CWXB,ROBLIN,71553,5012469,51.1833,-101.3628,541.0,MSC,CA,AUTO,Manitoba
CWXC,ONATCHIWAY,71387,7065738,48.894154,-71.03168,308.795,MSC,CA,AUTO,Quebec
CWXG,LAST MOUNTAIN CS,71556,4014156,51.41568,-105.242431,498.775,MSC,CA,AUTO,Saskatchewan
CWXI,FEROLLE POINT (AUT),71406,8401565,50.721137,-56.112844,12.112,MSC,CA,AUTO,Newfoundland and Labrador
CWXL,BOW ISLAND,71231,3030768,49.7344,-111.4503,817.0,MSC,CA,AUTO,Alberta
CWXN,STAVELY AAFC,71555,3036099,50.1833,-113.8833,1363.64,MSC,CA,AUTO,Alberta
CWXP,PANGNIRTUNG,71826,2403049,66.143403,-65.711348,34.129,MSC,CA,AUTO,Nunavut
CWXS,BAS CARAQUET,71598,8100467,47.80244,-64.83349,6.4,MSC,CA,AUTO,New Brunswick
CWYE,OUTLOOK PFRA,71551,4055736,51.476096,-107.05424,542.5,MSC,CA,AUTO,Saskatchewan
CWYF,THOMSEN RIVER,71916,2503886,73.231245,-119.54115,42.842,MSC,CA,AUTO,Northwest Territories
CWYH,GAMETI,71165,2203359,64.115005,-117.31299,218.894,MSC,CA,AUTO,Northwest Territories
CWYI,POOLS ISLAND,71931,840BR7C,49.1122,-53.5811,17.0,MSC,CA,AUTO,Newfoundland and Labrador
CWYJ,VICTORIA UNIVERSITY CS,71783,1018598,48.457,-123.3046,61.1,MSC,CA,AUTO,British Columbia
CWYL,YOHO PARK,71786,11790J1,51.4429,-116.3445,1603.3,MSC,CA,AUTO,British Columbia
CWYQ,POINTE-AU-PERE (INRS),71554,7056068,48.51391,-68.468336,5.175,MSC,CA,AUTO,Quebec
CWYW,ARMSTRONG (AUT),71841,6040325,50.2936,-88.9053,324.2,MSC,CA,AUTO,Ontario
CWYY,OSOYOOS CS,71215,1125852,49.028292,-119.441041,284.2,MSC,CA,AUTO,British Columbia
CWZA,AGASSIZ RCS,71113,1100119,49.242801,-121.75975,18.525,MSC,CA,AUTO,British Columbia
CWZE,CARBERRY CS,71170,5010547,49.905637,-99.357092,384.206,MSC,CA,AUTO,Manitoba
CWZG,BANFF CS,71122,3050519,51.1936,-115.5524,1398.0,MSC,CA,AUTO,Alberta
CWZL,CUMSHEWA ISLAND,71771,1062251,53.0303,-131.6014,17.8,MSC,CA,AUTO,British Columbia
CWZN,SAGONA ISLAND,71408,8403255,47.367605,-55.79485,68.5,MSC,CA,AUTO,Newfoundland and Labrador
CWZO,KELP REEFS,,1013998,48.5476,-123.2369,12.300,MSC,CA,AUTO,British Columbia
CWZQ,GRAND ETANG,73030,8201969,46.547097,-61.049135,15.805,MSC,CA,AUTO,Nova Scotia
CWZR,MARGARET LAKE,71977,2100697,68.8006,-140.8475,569.2,MSC,CA,AUTO,Yukon
CWZT,DAUPHIN CS,71550,5040681,51.100387,-100.057345,305.475,MSC,CA,AUTO,Manitoba
CWZU,SHEARWATER JETTY,71330,8205093,44.628055,-63.5225,6.0,DND,CA,AUTO,Nova Scotia
CWZV,CAPE ST JAMES CS,71107,1051351,51.9358,-131.0158,89.3,MSC,CA,AUTO,British Columbia
CWZW,TESLIN (AUT),71045,2101102,60.174602,-132.733739,716.851,MSC,CA,AUTO,Yukon
CXAG,ANDREW AGDM,71286,3010237,53.916944,-112.279167,625.0,GovAB,CA,AUTO,Alberta
CXAR,ARVIAT CLIMATE,71322,2301153,61.098323,-94.068804,10.335,MSC,CA,AUTO,Nunavut
CXAT,ARCTIC BAY CS,71592,2400404,72.99275,-85.011575,11.5,MSC,CA,AUTO,Nunavut
CXBD,BARRHEAD CS,71061,3060535,54.095269,-114.451272,647.627,MSC,CA,AUTO,Alberta
CXBI,BARRIE-ORO,71314,6117700,44.48444,-79.546408,292.0,MSC,CA,AUTO,Ontario
CXBK,BRATT'S LAKE CLIMATE,71569,4010811,50.200598,-104.711399,589.795,MSC,CA,AUTO,Saskatchewan
CXBL,BAKER LAKE CLIMATE,71356,2300501,64.318981,-96.001642,52.562,MSC,CA,AUTO,Nunavut
CXBO,BEAUPORT,71578,7010565,46.836997,-71.197339,10.0,MSC,CA,AUTO,Quebec
CXBQ,TADOULE LAKE CS,71334,5062840,58.70925,-98.500917,263.508,MSC,CA,AUTO,Manitoba
CXCA,CAMERON FALLS (AUT),71291,6041110,49.154002,-88.344576,232.463,MSC,CA,AUTO,Ontario
CXCK,CARMACKS CS,71039,2100301,62.11499,-136.191823,539.32,MSC,CA,AUTO,Yukon
CXCM,CAMBRIDGE BAY GSN,71288,2400602,69.106583,-105.115652,20.69,MSC,CA,AUTO,Nunavut
CXCP,CHAMPION AGDM,71217,3031480,50.281945,-113.350278,1006.0,GovAB,CA,AUTO,Alberta
CXDB,DEL BONITA AGDM,71224,3042045,49.05,-112.816667,1310.0,GovAB,CA,AUTO,Alberta
CXDE,DELINE CS,71503,2201022,65.208678,-123.433316,208.943,MSC,CA,AUTO,Northwest Territories
CXDI,DELHI CS,71573,6131983,42.863568,-80.545198,235.852,MSC,CA,AUTO,Ontario
CXDK,DEADMEN VALLEY,71021,22010H0,61.257263,-124.466969,284.1,MSC,CA,AUTO,Northwest Territories
CXDW,DEERWOOD RCS,71840,5020725,49.399562,-98.319652,340.809,MSC,CA,AUTO,Manitoba
CXEA,EAR FALLS (AUT),71295,6012199,50.630787,-93.213875,363.989,MSC,CA,AUTO,Ontario
CXEC,EDMONTON BLATCHFORD,71157,3012209,53.5731,-113.5167,672.0,MSC,CA,AUTO,Alberta
CXEG,EDMONTON INTERNATIONAL CS,71155,3012206,53.30668,-113.606161,706.516,MSC,CA,AUTO,Alberta
CXEL,EGG ISLAND,71404,3072246,58.9814,-110.4395,216.1,MSC,CA,AUTO,Alberta
CXET,EGBERT CS,71296,611E001,44.233,-79.78,252.5,MSC,CA,AUTO,Ontario
CXFA,FANNY ISLAND,71568,1022795,50.453517,-125.992895,9.8,MSC,CA,AUTO,British Columbia
CXFB,IQALUIT CLIMATE,71321,2402592,63.747809,-68.544293,22.841,MSC,CA,AUTO,Nunavut
CXFR,FAIRVIEW AGDM,71347,3072525,56.081391,-118.439446,654.55,GovAB,CA,AUTO,Alberta
CXFV,FORT VERMILION,71024,3072723,58.3823,-116.0402,290.1,MSC,CA,AUTO,Alberta
CXGD,GANDER AIRPORT CS,71742,8401705,48.946334,-54.567508,153.0,MSC,CA,AUTO,Newfoundland and Labrador
CXGH,GIMLI HARBOUR CS,71577,5031041,50.631011,-96.981661,220.326,MSC,CA,AUTO,Manitoba
CXGM,GRAND MANAN SAR CS,71030,8101925,44.712156,-66.801406,74.905,MSC,CA,AUTO,New Brunswick
CXHA,HARROW CDA AUTO,71298,6133362,42.033021,-82.895994,193.01,MSC,CA,AUTO,Ontario
CXHD,HOLDEN AGDM,71227,3013340,53.185003,-112.246112,688.0,GovAB,CA,AUTO,Alberta
CXHI,HOLMAN CS,71029,2502505,70.761452,-117.799964,31.681,MSC,CA,AUTO,Northwest Territories
CXHM,HAMILTON RBG CS,71297,6153301,43.286452,-79.905161,104.806,MSC,CA,AUTO,Ontario
CXHP,HIGH PRAIRIE AGDM,71226,3063165,55.395834,-116.479447,601.7,GovAB,CA,AUTO,Alberta
CXIB,INGONISH BEACH,71027,8202502,46.662836,-60.406434,8.1,MSC,CA,AUTO,Nova Scotia
CXKA,KAPUSKASING CDA ON,71299,6073980,49.405171,-82.442848,224.624,MSC,CA,AUTO,Ontario
CXKE,KEMPTVILLE CS,71300,6104027,45.005193,-75.637602,100.247,MSC,CA,AUTO,Ontario
CXKI,KIRKLAND LAKE,71301,6074207,48.088056,-80.061667,281.5,MSC,CA,AUTO,Ontario
CXKM,KILLAM AGDM,71228,3013640,52.8475,-111.871944,674.5,GovAB,CA,AUTO,Alberta
CXKT,KENTVILLE CDA,71671,8202810,45.067305,-64.477603,49.900,MSC,CA,AUTO,Nova Scotia
CXLB,LUNENBURG,,8203210,44.360682,-64.296016,3.8,MSC,CA,AUTO,Nova Scotia
CXLC,LOWER CARP LAKE,71680,220N004,63.602977,-113.862608,377.455,MSC,CA,AUTO,Northwest Territories
CXLL,LINDBERG LANDING,71682,220N003,61.12473,-122.852741,184.0,MSC,CA,AUTO,Northwest Territories
CXLT,LATERRIRE,71040,7064181,48.307184,-71.128934,162.377,MSC,CA,AUTO,Quebec
CXMD,MORDEN CDA CS,71564,5021849,49.187556,-98.083967,298.716,MSC,CA,AUTO,Manitoba
CXMG,MANNING AGDM,71229,3074190,56.973889,-117.450834,457.0,GovAB,CA,AUTO,Alberta
CXMI,MCNABS ISLAND (AUT),,8203478,44.6024,-63.5329,3.6,MSC,CA,AUTO,Nova Scotia
CXMM,FORT MCMURRAY CS,71585,3062696,56.649963,-111.220947,369.8,MSC,CA,AUTO,Alberta
CXMP,MAPLE PLAINS,,8305500,46.302878,-63.575821,44.5,MSC,CA,AUTO,Prince Edward Island
CXMW,MEDICINE HAT RCS,71026,3034485,50.0251,-110.7173,716.1,MSC,CA,AUTO,Alberta
CXMY,MALAY FALLS,73029,8203405,44.986936,-62.483295,40.1,MSC,CA,AUTO,Nova Scotia
CXND,NORDEGG CS,71060,3054843,52.491962,-116.040044,1317.826,MSC,CA,AUTO,Alberta
CXNM,NORTH MOUNTAIN,71604,8204161,46.81773,-60.671617,449.676,MSC,CA,AUTO,Nova Scotia
CXNP,NAPPAN AUTO,71311,8203702,45.7596,-64.2414,22.3,MSC,CA,AUTO,Nova Scotia
CXOA,OTTAWA CDA RCS,71063,6105978,45.382369,-75.714017,79.799,MSC,CA,AUTO,Ontario
CXOX,LA RONGE RCS,71586,4064149,55.146489,-105.270085,378.117,MSC,CA,AUTO,Saskatchewan
CXPC,PARRY SOUND CCG,71172,6116257,45.344,-80.042,184.8,MSC,CA,AUTO,Ontario
CXPS,EDMONTON STONY PLAIN CS,71127,301A001,53.547402,-114.107855,765.361,MSC,CA,AUTO,Alberta
CXPT,POINT PELEE CS,71303,613P001,41.948753,-82.519173,176.415,MSC,CA,AUTO,Ontario
CXQH,WATSON LAKE (AUT),71199,2101204,60.116086,-128.831433,686.071,MSC,CA,AUTO,Yukon
CXRB,RESOLUTE CS,71018,2403505,74.706301,-94.967552,46.549,MSC,CA,AUTO,Nunavut
CXRG,RIDGETOWN RCS,71307,6137154,42.453657,-81.886518,201.476,MSC,CA,AUTO,Ontario
CXRH,BERRY HILL,71588,8400506,49.619806,-57.91922,118.0,MSC,CA,AUTO,Newfoundland and Labrador
CXRL,RICH LAKE AGDM,71349,3065475,54.5,-111.7,585.0,GovAB,CA,AUTO,Alberta
CXSE,STEFANSSON ISLAND,71017,2403756,73.765789,-105.295426,8.341,MSC,CA,AUTO,Nunavut
CXSH,SHAWINIGAN,71370,7018001,46.563472,-72.733299,110.380,MSC,CA,AUTO,Quebec
CXTD,TRACADIE,71308,8205895,45.608391,-61.678913,59.184,MSC,CA,AUTO,Nova Scotia
CXTH,TWO HILLS AGDM,71276,3016655,53.625278,-111.678333,678.0,GovAB,CA,AUTO,Alberta
CXTL,TATLAYOKO LAKE RCS,71028,1088015,51.674525,-124.40309,877.0,MSC,CA,AUTO,British Columbia
CXTN,TUKTUT NOGAIT,71492,2203918,69.1989,-122.3592,553.1,MSC,CA,AUTO,Northwest Territories
CXTO,TORONTO CITY,71508,6158355,43.665,-79.395,113.5,MSC,CA,AUTO,Ontario
CXTP,TERRA NOVA NAT PARK CS,71589,8403851,48.5569,-53.9744,107.0,MSC,CA,AUTO,Newfoundland and Labrador
CXTV,TRAIL VALLEY,71683,220N005,68.746245,-133.502305,86.585,MSC,CA,AUTO,Northwest Territories
CXUX,SANIRAJAK,71320,2402353,68.775086,-81.228675,7.542,MSC,CA,AUTO,Nunavut
CXVM,VERMILION AGDM,71278,3016802,53.343806,-110.881861,623.0,GovAB,CA,AUTO,Alberta
CXVN,VINELAND STATION RCS,71171,6139148,43.190869,-79.398594,83.133,MSC,CA,AUTO,Ontario
CXWB,WAGER BAY (AUT),71049,2403945,65.879305,-89.445688,12.977,MSC,CA,AUTO,Nunavut
CXWF,WARFIELD RCS,71401,1148705,49.112211,-117.738333,573.56,MSC,CA,AUTO,British Columbia
CXWG,WINNIPEG 'A' CS,71849,502S001,49.915758,-97.24949,240.2,MSC,CA,AUTO,Manitoba
CXWN,WINNIPEG THE FORKS,71579,5023262,49.8883,-97.1294,231.3,MSC,CA,AUTO,Manitoba
CXYH,YOHIN,71020,2204300,61.2419,-123.7417,205.1,MSC,CA,AUTO,Northwest Territories
CXZC,MOOSONEE RCS,71309,6075429,51.256974,-80.663612,13.110,MSC,CA,AUTO,Ontario
CXZV,SEPT-ILES,71279,7047914,50.218057,-66.241435,51.189,MSC,CA,AUTO,Quebec
CYAB,Arctic Bay,,2400399,73.00640,-85.04730,21.9,NAV CANADA,NC-AWOS,AUTO,Nunavut
CYAB,Arctic Bay,,2400401,73.00640,-85.04730,21.9,NAV CANADA,NC-HWOS,MAN,Nunavut
CYAH,La Grande 4,71003,7093714,53.75470,-73.67530,306.3,NAV CANADA,NC-AWOS,AUTO,Quebec
CYAM,Sault Ste Marie,71260,6057591,46.48510,-84.50960,192.6,NAV CANADA,NC-HWOS,MAN,Ontario
CYAS,Kangirsuk,,7113384,60.02720,-69.99920,123.7,NAV CANADA,NC-AWOS,AUTO,Quebec
CYAS,Kangirsuk,,7113383,60.02720,-69.99920,123.7,NAV CANADA,NC-HWOS,MAN,Quebec
CYAT,Attawapiskat,71653,6010400,52.92760,-82.43200,9.1,NAV CANADA,NC-AWOS,AUTO,Ontario
CYAV,Winnipeg/St. Andrews,,50225DS,50.05640,-97.03250,231.3,NAV CANADA,NC-AWOS,AUTO,Manitoba
CYAW,Shearwater,,8205090,44.64,-63.50,44,,,MAN,Nova Scotia
CYAY,St. Anthony,71819,8403389,51.39190,-56.08310,32.9,NAV CANADA,NC-AWOS,AUTO,Newfoundland and Labrador
CYAZ,Tofino,,1038210,49.08210,-125.77200,24.4,NAV CANADA,NC-AWOS,AUTO,British Columbia
CYAZ,Tofino,,1038204,49.08210,-125.77200,24.4,NAV CANADA,NC-HWOS,MAN,British Columbia
CYBB,Kugaaruk,,2303095,68.53590,-89.80540,15.5,NAV CANADA,NC-AWOS,AUTO,Nunavut
CYBB,Kugaaruk,,2303091,68.53590,-89.80540,15.5,NAV CANADA,NC-HWOS,MAN,Nunavut
CYBC,Baie-Comeau,71691,7040444,49.13250,-68.20440,21.6,NAV CANADA,NC-AWOS,AUTO,Quebec
CYBD,Bella Coola,,1060848,52.38760,-126.59600,35.6,NAV CANADA,NC-AWOS,AUTO,British Columbia
CYBD,Bella Coola,,1060845,52.38760,-126.59600,35.6,NAV CANADA,NC-HWOS,MAN,British Columbia
CYBG,Bagotville,71727,7060400,48.33,-71.00,159,,,MAN,Quebec
CYBK,Baker Lake,71926,2300504,64.29880,-96.07770,18.5,NAV CANADA,NC-AWOS,AUTO,Nunavut
CYBK,Baker Lake,71926,2300503,64.29880,-96.07770,18.5,NAV CANADA,NC-HWOS,MAN,Nunavut
CYBL,Campbell River,,1021270,49.95200,-125.27300,108.8,NAV CANADA,NC-AWOS,AUTO,British Columbia
CYBL,Campbell River,,1021267,49.95200,-125.27300,108.8,NAV CANADA,NC-HWOS,MAN,British Columbia
CYBQ,Tadoule Lake,71272,5062835,58.70610,-98.51220,281.0,NAV CANADA,NC-AWOS,AUTO,Manitoba
CYBR,Brandon Muni,71140,5010481,49.91000,-99.95220,409.3,NAV CANADA,NC-HWOS,MAN,Manitoba
CYBU,Nipawin,71130,4075525,53.33270,-104.00900,371.9,NAV CANADA,NC-AWOS,AUTO,Saskatchewan
CYBV,Berens River,,5030204,52.35890,-97.01790,222.2,NAV CANADA,NC-AWOS,AUTO,Manitoba
CYBV,Berens River,,5030201,52.35890,-97.01790,222.2,NAV CANADA,NC-HWOS,MAN,Manitoba
CYBW,Calgary/Springbank,,3031109,51.10530,-114.37100,1200.9,NAV CANADA,NC-AWOS,AUTO,Alberta
CYBX,Lourdes-de-Blanc-Sablon,71808,7040816,51.44360,-57.18530,37.2,NAV CANADA,NC-AWOS,AUTO,Quebec
CYBX,Lourdes-de-Blanc-Sablon,71808,7040815,51.44360,-57.18530,37.2,NAV CANADA,NC-HWOS,MAN,Quebec
CYCA,Cartwright,71818,8501106,53.66920,-57.04720,12.8,NAV CANADA,NC-AWOS,AUTO,Newfoundland and Labrador
CYCB,Cambridge Bay,71925,2400603,69.10790,-105.13700,31.1,NAV CANADA,NC-AWOS,AUTO,Nunavut
CYCB,Cambridge Bay,71925,2400601,69.10790,-105.13700,31.1,NAV CANADA,NC-HWOS,MAN,Nunavut
CYCD,Nanaimo,,1025365,49.05450,-123.87000,28.0,NAV CANADA,NC-AWOS,AUTO,British Columbia
CYCD,Nanaimo,,1025369,49.05450,-123.87000,28.0,NAV CANADA,NC-HWOS,MAN,British Columbia
CYCG,Castlegar/West Kootenay Regional,,1141460,49.29620,-117.63300,495.6,NAV CANADA,NC-AWOS,AUTO,British Columbia
CYCG,Castlegar/West Kootenay Regional,,1141456,49.29620,-117.63300,495.6,NAV CANADA,NC-HWOS,MAN,British Columbia
CYCK,Chatham-Kent,,6131414,42.30580,-82.08250,196.6,NAV CANADA,NC-AWOS,AUTO,Ontario
CYCO,Kugluktuk,71938,2300905,67.81670,-115.14400,22.6,NAV CANADA,NC-AWOS,AUTO,Nunavut
CYCO,Kugluktuk,71938,2300903,67.81670,-115.14400,22.6,NAV CANADA,NC-HWOS,MAN,Nunavut
CYCP,Blue River,,1160902,52.11690,-119.28500,690.4,NAV CANADA,NC-AWOS,AUTO,British Columbia
CYCP,Blue River,,1160898,52.11690,-119.28500,690.4,NAV CANADA,NC-HWOS,MAN,British Columbia
CYCQ,Chetwynd,,1181513,55.68720,-121.62700,609.3,NAV CANADA,NC-AWOS,AUTO,British Columbia
CYCQ,Chetwynd,,1181507,55.68720,-121.62700,609.3,NAV CANADA,NC-HWOS,MAN,British Columbia
CYCS,Chesterfield Inlet,,2300710,63.34710,-90.73120,9.7,NAV CANADA,NC-AWOS,AUTO,Nunavut
CYCS,Chesterfield Inlet,,2300701,63.34710,-90.73120,9.7,NAV CANADA,NC-HWOS,MAN,Nunavut
CYCX,Gagetown,71701,8101792,45.84,-66.44,51,,,MAN,New Brunswick
CYCY,Clyde River,71090,2400804,70.48590,-68.51690,26.5,NAV CANADA,NC-AWOS,AUTO,Nunavut
CYCY,Clyde River,71090,2400803,70.48590,-68.51690,26.5,NAV CANADA,NC-HWOS,MAN,Nunavut
CYDA,Dawson City,,2100407,64.04210,-139.13000,370.3,NAV CANADA,NC-AWOS,AUTO,Yukon
CYDA,Dawson City,,2100401,64.04210,-139.13000,370.3,NAV CANADA,NC-HWOS,MAN,Yukon
CYDB,Burwash,71001,2100181,61.37070,-139.04000,806.2,NAV CANADA,NC-AWOS,AUTO,Yukon
CYDB,Burwash,71001,2100180,61.37070,-139.04000,806.2,NAV CANADA,NC-HWOS,MAN,Yukon
CYDC,Princeton,,1126518,49.46790,-120.51200,701.6,NAV CANADA,NC-AWOS,AUTO,British Columbia
CYDC,Princeton,,1126511,49.46790,-120.51200,701.6,NAV CANADA,NC-HWOS,MAN,British Columbia
CYDF,Deer Lake,71809,8401502,49.20920,-57.39440,21.9,NAV CANADA,NC-HWOS,MAN,Newfoundland and Labrador
CYDL,Dease Lake,71686,1192341,58.42230,-130.03200,802.8,NAV CANADA,NC-AWOS,AUTO,British Columbia
CYDN,Dauphin (Lt. Col W.G. (Billy) Ba,71036,5040689,51.10080,-100.05200,304.5,NAV CANADA,NC-AWOS,AUTO,Manitoba
CYDP,Nain,71902,8502810,56.55060,-61.68220,6.4,NAV CANADA,NC-AWOS,AUTO,Newfoundland and Labrador
CYDP,Nain,71902,8502801,56.55060,-61.68220,6.4,NAV CANADA,NC-HWOS,MAN,Newfoundland and Labrador
CYDQ,Dawson Creek,71471,1182289,55.74230,-120.18300,654.4,NAV CANADA,NC-AWOS,AUTO,British Columbia
CYED,Edmonton Namao,71121,3012210,53.67,-113.48,688,,,MAN,Alberta
CYEG,Edmonton International,71123,3012216,53.30990,-113.57900,723.3,NAV CANADA,NC-HWOS,MAN,Alberta
CYEK,Arviat,71174,2300427,61.09400,-94.07160,10.4,NAV CANADA,NC-AWOS,AUTO,Nunavut
CYEK,Arviat,71174,2300428,61.09400,-94.07160,10.4,NAV CANADA,NC-HWOS,MAN,Nunavut
CYEN,Estevan,71862,4012403,49.21030,-102.96600,580.3,NAV CANADA,NC-AWOS,AUTO,Saskatchewan
CYER,Fort Severn,71099,6012501,56.01900,-87.67620,15.8,NAV CANADA,NC-AWOS,AUTO,Ontario
CYET,Edson,71167,3062239,53.57890,-116.46500,927.5,NAV CANADA,NC-AWOS,AUTO,Alberta
CYEV,Inuvik (Mike Zubko),,2202571,68.30380,-133.48300,67.7,NAV CANADA,NC-HWOS,MAN,Northwest Territories
CYFB,Iqaluit,,2402596,63.75660,-68.55610,33.5,NAV CANADA,NC-HWOS,MAN,Nunavut
CYFC,Fredericton,71700,8101505,45.86890,-66.53720,20.4,NAV CANADA,NC-AWOS,AUTO,New Brunswick
CYFO,Flin Flon,,5050973,54.67810,-101.68200,304.1,NAV CANADA,NC-AWOS,AUTO,Manitoba
CYFO,Flin Flon,,5050961,54.67810,-101.68200,304.1,NAV CANADA,NC-HWOS,MAN,Manitoba
CYFR,Fort Resolution,,2202010,61.18080,-113.69000,160.6,NAV CANADA,NC-AWOS,AUTO,Northwest Territories
CYFR,Fort Resolution,,2202001,61.18080,-113.69000,160.6,NAV CANADA,NC-HWOS,MAN,Northwest Territories
CYFS,Fort Simpson,71946,2202104,61.76020,-121.23800,169.5,NAV CANADA,NC-AWOS,AUTO,Northwest Territories
CYFS,Fort Simpson,71946,2202103,61.76020,-121.23800,169.5,NAV CANADA,NC-HWOS,MAN,Northwest Territories
CYFT,Makkovik,,8502580,55.07720,-59.18750,70.4,NAV CANADA,NC-AWOS,AUTO,Newfoundland and Labrador
CYFT,Makkovik,,8502588,55.07720,-59.18750,70.4,NAV CANADA,NC-HWOS,MAN,Newfoundland and Labrador
CYGE,Golden,,1173214,51.29920,-116.98200,785.2,NAV CANADA,NC-AWOS,AUTO,British Columbia
CYGE,Golden,,1173209,51.29920,-116.98200,785.2,NAV CANADA,NC-HWOS,MAN,British Columbia
CYGH,Fort Good Hope,,2201406,66.24060,-128.64800,81.4,NAV CANADA,NC-AWOS,AUTO,Northwest Territories
CYGH,Fort Good Hope,,2201401,66.24060,-128.64800,81.4,NAV CANADA,NC-HWOS,MAN,Northwest Territories
CYGK,Kingston,,6104152,44.22590,-76.59660,92.3,NAV CANADA,NC-AWOS,AUTO,Ontario
CYGK,Kingston,,6104149,44.22590,-76.59660,92.3,NAV CANADA,NC-HWOS,MAN,Ontario
CYGL,La Grande Riviere,71827,7093716,53.62530,-77.70420,195.1,NAV CANADA,NC-HWOS,MAN,Quebec
CYGP,Gaspe (Michel-Pouliot),71188,7052602,48.77530,-64.47970,34.1,NAV CANADA,NC-AWOS,AUTO,Quebec
CYGP,Gaspe (Michel-Pouliot),71188,7052601,48.77530,-64.47970,34.1,NAV CANADA,NC-HWOS,MAN,Quebec
CYGQ,Geraldton (Greenstone Regional),71834,6042718,49.77870,-86.93860,348.4,NAV CANADA,NC-AWOS,AUTO,Ontario
CYGR,Iles-de-la-Madeleine,71709,7053254,47.42500,-61.77810,10.7,NAV CANADA,NC-AWOS,AUTO,Quebec
CYGR,Iles-de-la-Madeleine,71709,7053250,47.42500,-61.77810,10.7,NAV CANADA,NC-HWOS,MAN,Quebec
CYGT,Igloolik,,2402546,69.36470,-81.81650,52.7,NAV CANADA,NC-AWOS,AUTO,Nunavut
CYGT,Igloolik,,2402541,69.36470,-81.81650,52.7,NAV CANADA,NC-HWOS,MAN,Nunavut
CYGV,Havre St-Pierre,71584,7043019,50.28190,-63.61140,38.1,NAV CANADA,NC-AWOS,AUTO,Quebec
CYGW,Kuujjuarapik,,7103537,55.28190,-77.76530,12.2,NAV CANADA,NC-AWOS,AUTO,Quebec
CYGX,Gillam,71912,5061022,56.35770,-94.71070,145.1,NAV CANADA,NC-HWOS,MAN,Manitoba
CYHA,Quaqtaq,,7116273,61.04640,-69.61780,32.3,NAV CANADA,NC-AWOS,AUTO,Quebec
CYHA,Quaqtaq,,7116271,61.04640,-69.61780,32.3,NAV CANADA,NC-HWOS,MAN,Quebec
CYHC,Vancouver Harbour,,110Q44V,49.29440,-123.11100,0.0,NAV CANADA,NC-AWOS,AUTO,British Columbia
CYHD,Dryden Regional,71527,6032125,49.83170,-92.74420,412.7,NAV CANADA,NC-AWOS,AUTO,Ontario
CYHE,Hope,71187,1113542,49.36830,-121.49800,39.0,NAV CANADA,NC-AWOS,AUTO,British Columbia
CYHI,Ulukhaktok,,2502503,70.76280,-117.80600,36.0,NAV CANADA,NC-AWOS,AUTO,Northwest Territories
CYHI,Ulukhaktok,,2502502,70.76280,-117.80600,36.0,NAV CANADA,NC-HWOS,MAN,Northwest Territories
CYHK,Gjoa Haven,71597,2302337,68.63560,-95.85030,46.9,NAV CANADA,NC-AWOS,AUTO,Nunavut
CYHK,Gjoa Haven,71597,2302336,68.63560,-95.85030,46.9,NAV CANADA,NC-HWOS,MAN,Nunavut
CYHM,Hamilton,71263,6153193,43.17370,-79.93510,237.7,NAV CANADA,NC-HWOS,MAN,Ontario
CYHU,Montreal/St-Hubert,71371,7027329,45.51810,-73.41690,27.4,NAV CANADA,NC-AWOS,AUTO,Quebec
CYHY,Hay River/Merlyn Carter Airport,71935,2202403,60.83980,-115.78300,164.9,NAV CANADA,NC-AWOS,AUTO,Northwest Territories
CYHY,Hay River/Merlyn Carter Airport,71935,2202401,60.83980,-115.78300,164.9,NAV CANADA,NC-HWOS,MAN,Northwest Territories
CYHZ,Halifax/Stanfield Intl,71395,8202249,44.88120,-63.50870,145.4,NAV CANADA,NC-AWOS,AUTO,Nova Scotia
CYHZ,Halifax/Stanfield Intl,71395,8202251,44.88120,-63.50870,145.4,NAV CANADA,NC-HWOS,MAN,Nova Scotia
CYIK,Ivujivik,,7103329,62.41720,-77.92530,38.7,NAV CANADA,NC-AWOS,AUTO,Quebec
CYIK,Ivujivik,,7103328,62.41720,-77.92530,38.7,NAV CANADA,NC-HWOS,MAN,Quebec
CYIN,Clinton/Bleibler Ranch,71717,1161662,51.25000,-121.68300,1126.2,NAV CANADA,NC-AWOS,AUTO,British Columbia
CYIO,Pond Inlet,71095,2403206,72.68950,-77.96890,61.6,NAV CANADA,NC-AWOS,AUTO,Nunavut
CYIO,Pond Inlet,71095,2403205,72.68950,-77.96890,61.6,NAV CANADA,NC-HWOS,MAN,Nunavut
CYIV,Island Lake,71145,5061374,53.85710,-94.65370,235.3,NAV CANADA,NC-AWOS,AUTO,Manitoba
CYJF,Fort Liard,,2201581,60.23560,-123.47000,215.7,NAV CANADA,NC-AWOS,AUTO,Northwest Territories
CYJF,Fort Liard,,2201576,60.23560,-123.47000,215.7,NAV CANADA,NC-HWOS,MAN,Northwest Territories
CYJN,St. Jean,,7027394,45.29440,-73.28170,41.5,NAV CANADA,NC-AWOS,AUTO,Quebec
CYJT,Stephenville,71815,8403801,48.54150,-58.54990,24.7,NAV CANADA,NC-HWOS,MAN,Newfoundland and Labrador
CYKA,Kamloops,71887,1163781,50.70250,-120.44900,345.3,NAV CANADA,NC-HWOS,MAN,British Columbia
CYKD,Aklavik/Freddie Carmichael,,2200105,68.22340,-135.00600,6.4,NAV CANADA,NC-AWOS,AUTO,Northwest Territories
CYKF,Kitchener/Waterloo,71368,6144239,43.46080,-80.37870,321.3,NAV CANADA,NC-AWOS,AUTO,Ontario
CYKG,Kangiqsujuaq (Wakeham Bay),,7113380,61.58860,-71.92940,157.5,NAV CANADA,NC-AWOS,AUTO,Quebec
CYKG,Kangiqsujuaq (Wakeham Bay),,7113379,61.58860,-71.92940,157.5,NAV CANADA,NC-HWOS,MAN,Quebec
CYKJ,Key Lake,71499,4063757,57.25640,-105.61800,513.9,NAV CANADA,NC-AWOS,AUTO,Saskatchewan
CYKL,Schefferville,71921,7117823,54.80530,-66.80530,520.9,NAV CANADA,NC-AWOS,AUTO,Quebec
CYKO,Akulivik,,7100072,60.81860,-78.14860,23.1,NAV CANADA,NC-AWOS,AUTO,Quebec
CYKP,Ogoki Post,71652,6075786,51.65810,-85.90110,181.1,NAV CANADA,NC-AWOS,AUTO,Ontario
CYKQ,Waskaganish,,7098898,51.47330,-78.75830,24.1,NAV CANADA,NC-AWOS,AUTO,Quebec
CYKQ,Waskaganish,,7098896,51.47330,-78.75830,24.1,NAV CANADA,NC-HWOS,MAN,Quebec
CYKY,Kindersley Regional,71129,4043899,51.51510,-109.18100,693.7,NAV CANADA,NC-AWOS,AUTO,Saskatchewan
CYKY,Kindersley Regional,71129,4043901,51.51510,-109.18100,693.7,NAV CANADA,NC-HWOS,MAN,Saskatchewan
CYLA,Aupaluk,,7110601,59.29670,-69.59970,36.8,NAV CANADA,NC-AWOS,AUTO,Quebec
CYLA,Aupaluk,,7110600,59.29670,-69.59970,36.8,NAV CANADA,NC-HWOS,MAN,Quebec
CYLC,Kimmirut,,2402673,62.84810,-69.87720,51.5,NAV CANADA,NC-AWOS,AUTO,Nunavut
CYLC,Kimmirut,,2402671,62.84810,-69.87720,51.5,NAV CANADA,NC-HWOS,MAN,Nunavut
CYLD,Chapleau,71642,6061365,47.82020,-83.34690,448.0,NAV CANADA,NC-AWOS,AUTO,Ontario
CYLD,Chapleau,71642,6061362,47.82020,-83.34690,448.0,NAV CANADA,NC-HWOS,MAN,Ontario
CYLH,Lansdowne House,,6014351,52.19540,-87.93410,254.2,NAV CANADA,NC-AWOS,AUTO,Ontario
CYLJ,Meadow Lake,71125,4065063,54.12540,-108.52300,480.7,NAV CANADA,NC-AWOS,AUTO,Saskatchewan
CYLJ,Meadow Lake,71125,4065057,54.12540,-108.52300,480.7,NAV CANADA,NC-HWOS,MAN,Saskatchewan
CYLK,Lutselk'e,,2202690,62.41820,-110.68200,178.6,NAV CANADA,NC-AWOS,AUTO,Northwest Territories
CYLK,Lutselk'e,,2202687,62.41820,-110.68200,178.6,NAV CANADA,NC-HWOS,MAN,Northwest Territories
CYLL,Lloydminster,71871,3013959,53.31060,-110.07400,668.7,NAV CANADA,NC-AWOS,AUTO,Alberta
CYLL,Lloydminster,71871,3013958,53.31060,-110.07400,668.7,NAV CANADA,NC-HWOS,MAN,Alberta
CYLT,Alert,,2400302,82.52,-62.28,31,,,MAN,Nunavut
CYLU,Kangiqsualujjuaq (Georges River),,7113391,58.71140,-65.99280,66.1,NAV CANADA,NC-AWOS,AUTO,Quebec
CYLU,Kangiqsualujjuaq (Georges River),,7113390,58.71140,-65.99280,66.1,NAV CANADA,NC-HWOS,MAN,Quebec
CYLW,Kelowna,71203,1123939,49.95720,-119.37800,432.8,NAV CANADA,NC-AWOS,AUTO,British Columbia
CYMA,Mayo,71965,2100702,63.61640,-135.86800,503.8,NAV CANADA,NC-AWOS,AUTO,Yukon
CYMA,Mayo,71965,2100701,63.61640,-135.86800,503.8,NAV CANADA,NC-HWOS,MAN,Yukon
CYMH,Mary's Harbour,71339,8502592,52.30280,-55.84780,10.7,NAV CANADA,NC-AWOS,AUTO,Newfoundland and Labrador
CYMJ,Moose Jaw,,4015320,50.33,-105.56,577,,,MAN,Saskatchewan
CYMM,Fort McMurray,71689,3062697,56.65320,-111.22300,369.1,NAV CANADA,NC-AWOS,AUTO,Alberta
CYMO,Moosonee,71398,6075420,51.29200,-80.60830,9.1,NAV CANADA,NC-AWOS,AUTO,Ontario
CYMT,Chibougamau/Chapais,71822,7091409,49.77190,-74.52800,387.1,NAV CANADA,NC-AWOS,AUTO,Quebec
CYMU,Umiujaq,,7108564,56.53610,-76.51830,76.5,NAV CANADA,NC-AWOS,AUTO,Quebec
CYMU,Umiujaq,,7108566,56.53610,-76.51830,76.5,NAV CANADA,NC-HWOS,MAN,Quebec
CYMX,Montreal/Mirabel International,,7034900,45.68040,-74.03870,82.6,NAV CANADA,NC-HWOS,MAN,Quebec
CYNA,Natashquan,71513,7045398,50.19000,-61.78890,11.9,NAV CANADA,NC-AWOS,AUTO,Quebec
CYNC,Wemindji,,7098908,53.01060,-78.83110,20.1,NAV CANADA,NC-AWOS,AUTO,Quebec
CYNC,Wemindji,,7098905,53.01060,-78.83110,20.1,NAV CANADA,NC-HWOS,MAN,Quebec
CYND,Ottawa/Gatineau,,7032685,45.52170,-75.56360,64.3,NAV CANADA,NC-AWOS,AUTO,Quebec
CYND,Ottawa/Gatineau,,7032682,45.52170,-75.56360,64.3,NAV CANADA,NC-HWOS,MAN,Quebec
CYNE,Norway House,71410,5062040,53.95830,-97.84420,223.7,NAV CANADA,NC-AWOS,AUTO,Manitoba
CYNJ,Langley Regional,,1104570,49.10080,-122.63100,10.4,NAV CANADA,NC-AWOS,AUTO,British Columbia
CYNM,Matagami,71947,7094636,49.76170,-77.80280,279.8,NAV CANADA,NC-AWOS,AUTO,Quebec
CYOC,Old Crow,,2100807,67.57010,-139.84000,248.7,NAV CANADA,NC-AWOS,AUTO,Yukon
CYOD,Cold Lake,71120,3081680,54.41,-110.28,541,,,MAN,Alberta
CYOJ,High Level,71066,3073140,58.62160,-117.16500,338.0,NAV CANADA,NC-AWOS,AUTO,Alberta
CYOJ,High Level,71066,3073141,58.62160,-117.16500,338.0,NAV CANADA,NC-HWOS,MAN,Alberta
CYOO,Oshawa Executive Airport,71697,6155875,43.92280,-78.89670,140.2,NAV CANADA,NC-AWOS,AUTO,Ontario
CYOW,Ottawa/Macdonald-Cartier Interna,71628,6106001,45.32250,-75.66730,114.9,NAV CANADA,NC-HWOS,MAN,Ontario
CYOY,Valcartier,71716,7018574,46.90,-71.50,168,,,MAN,Quebec
CYPA,Prince Albert (Glass Field),71869,4056241,53.21460,-105.67300,428.2,NAV CANADA,NC-HWOS,MAN,Saskatchewan
CYPC,Paulatuk (Nora Aliqatchialuk Rub,,2203055,69.36070,-124.07600,4.6,NAV CANADA,NC-AWOS,AUTO,Northwest Territories
CYPC,Paulatuk (Nora Aliqatchialuk Rub,,2203056,69.36070,-124.07600,4.6,NAV CANADA,NC-HWOS,MAN,Northwest Territories
CYPD,Port Hawkesbury,71041,8204495,45.65670,-61.36810,113.7,NAV CANADA,NC-AWOS,AUTO,Nova Scotia
CYPE,Peace River,71068,3075041,56.22730,-117.44700,570.6,NAV CANADA,NC-AWOS,AUTO,Alberta
CYPG,Portage Southport,,5012320,49.90,-98.27,270,,,MAN,Manitoba
CYPH,Inukjuak,71306,7103280,58.47190,-78.07690,26.2,NAV CANADA,NC-AWOS,AUTO,Quebec
CYPK,Pitt Meadows,,110617P,49.21610,-122.71300,3.7,NAV CANADA,NC-AWOS,AUTO,British Columbia
CYPL,Pickle Lake,71845,6016528,51.44640,-90.21420,386.5,NAV CANADA,NC-AWOS,AUTO,Ontario
CYPO,Peawanuck,,6016298,54.98810,-85.44330,52.7,NAV CANADA,NC-AWOS,AUTO,Ontario
CYPQ,Peterborough,71436,6166415,44.23050,-78.36320,191.4,NAV CANADA,NC-AWOS,AUTO,Ontario
CYPR,Prince Rupert,71022,1066482,54.28590,-130.44500,35.4,NAV CANADA,NC-AWOS,AUTO,British Columbia
CYPW,Powell River,,1046396,49.83410,-124.50000,129.5,NAV CANADA,NC-AWOS,AUTO,British Columbia
CYPW,Powell River,,1046395,49.83410,-124.50000,129.5,NAV CANADA,NC-HWOS,MAN,British Columbia
CYPX,Puvirnituq,,7106223,60.05210,-77.28760,25.3,NAV CANADA,NC-AWOS,AUTO,Quebec
CYPY,Fort Chipewyan,71305,3072655,58.76720,-111.11700,232.0,NAV CANADA,NC-AWOS,AUTO,Alberta
CYQA,Muskoka,71532,6115529,44.97470,-79.30330,281.0,NAV CANADA,NC-AWOS,AUTO,Ontario
CYQB,Quebec/Jean Lesage  Internationa,,7016293,46.79120,-71.39330,74.4,NAV CANADA,NC-HWOS,MAN,Quebec
CYQD,The Pas,71867,5052882,53.97130,-101.09100,270.7,NAV CANADA,NC-AWOS,AUTO,Manitoba
CYQF,Red Deer Regional,71878,3025484,52.18230,-113.89400,904.6,NAV CANADA,NC-AWOS,AUTO,Alberta
CYQG,Windsor,71538,6139530,42.27560,-82.95560,189.6,NAV CANADA,NC-AWOS,AUTO,Ontario
CYQH,Watson Lake,,2101202,60.11640,-128.82200,687.3,NAV CANADA,NC-AWOS,AUTO,Yukon
CYQH,Watson Lake,,2101201,60.11640,-128.82200,687.3,NAV CANADA,NC-HWOS,MAN,Yukon
CYQI,Yarmouth,71603,8206496,43.83250,-66.08610,42.7,NAV CANADA,NC-AWOS,AUTO,Nova Scotia
CYQI,Yarmouth,71603,8206495,43.83250,-66.08610,42.7,NAV CANADA,NC-HWOS,MAN,Nova Scotia
CYQK,Kenora,71850,6034076,49.78830,-94.36310,409.7,NAV CANADA,NC-HWOS,MAN,Ontario
CYQL,Lethbridge,71267,3033875,49.63030,-112.80000,929.3,NAV CANADA,NC-AWOS,AUTO,Alberta
CYQL,Lethbridge,71267,3033881,49.63030,-112.80000,929.3,NAV CANADA,NC-HWOS,MAN,Alberta
CYQM,Moncton/Greater Moncton Romeo Le,71705,8103202,46.11610,-64.67860,70.7,NAV CANADA,NC-AWOS,AUTO,New Brunswick
CYQM,Moncton/Greater Moncton Romeo Le,71705,8103201,46.11610,-64.67860,70.7,NAV CANADA,NC-HWOS,MAN,New Brunswick
CYQQ,Comox,71893,1021830,49.71,-124.89,26,,,MAN,British Columbia
CYQR,Regina International,,4016566,50.43220,-104.66600,577.6,NAV CANADA,NC-HWOS,MAN,Saskatchewan
CYQT,Thunder Bay,71072,6048260,48.37200,-89.32170,199.3,NAV CANADA,NC-AWOS,AUTO,Ontario
CYQT,Thunder Bay,71072,6048262,48.37200,-89.32170,199.3,NAV CANADA,NC-HWOS,MAN,Ontario
CYQU,Grande Prairie,71940,3072921,55.18000,-118.88500,669.3,NAV CANADA,NC-HWOS,MAN,Alberta
CYQV,Yorkton,71292,4019075,51.26480,-102.46100,498.3,NAV CANADA,NC-AWOS,AUTO,Saskatchewan
CYQW,North Battleford,71876,4045695,52.76920,-108.24400,548.3,NAV CANADA,NC-AWOS,AUTO,Saskatchewan
CYQX,Gander International,71803,8401703,48.93700,-54.56810,151.2,NAV CANADA,NC-HWOS,MAN,Newfoundland and Labrador
CYQY,Sydney/J.A. Douglas McCurdy,71707,8205703,46.16140,-60.04810,61.9,NAV CANADA,NC-AWOS,AUTO,Nova Scotia
CYQY,Sydney/J.A. Douglas McCurdy,71707,8205701,46.16140,-60.04810,61.9,NAV CANADA,NC-HWOS,MAN,Nova Scotia
CYQZ,Quesnel,71192,1096629,53.02610,-122.51000,545.0,NAV CANADA,NC-AWOS,AUTO,British Columbia
CYRA,Gameti/Rae Lakes,,2203365,64.11610,-117.31000,218.2,NAV CANADA,NC-AWOS,AUTO,Northwest Territories
CYRB,Resolute Bay,71924,2403497,74.71690,-94.96930,67.7,NAV CANADA,NC-AWOS,AUTO,Nunavut
CYRB,Resolute Bay,71924,2403498,74.71690,-94.96930,67.7,NAV CANADA,NC-HWOS,MAN,Nunavut
CYRC,Chicoutimi/St-Honore,,706G3J7,48.52080,-71.05060,165.8,NAV CANADA,NC-AWOS,AUTO,Quebec
CYRJ,Roberval,71728,7066687,48.52000,-72.26580,178.6,NAV CANADA,NC-AWOS,AUTO,Quebec
CYRJ,Roberval,71728,7066686,48.52000,-72.26580,178.6,NAV CANADA,NC-HWOS,MAN,Quebec
CYRL,Red Lake,71854,6016971,51.06710,-93.79300,385.8,NAV CANADA,NC-AWOS,AUTO,Ontario
CYRL,Red Lake,71854,6016970,51.06710,-93.79300,385.8,NAV CANADA,NC-HWOS,MAN,Ontario
CYRQ,Trois-Rivieres,,7018561,46.35160,-72.68050,60.6,NAV CANADA,NC-AWOS,AUTO,Quebec
CYRT,Rankin Inlet,71083,2303405,62.81070,-92.11460,32.3,NAV CANADA,NC-HWOS,MAN,Nunavut
CYRV,Revelstoke,71685,1176745,50.96690,-118.18400,444.1,NAV CANADA,NC-AWOS,AUTO,British Columbia
CYSB,Sudbury,71730,6068153,46.62550,-80.79780,348.4,NAV CANADA,NC-HWOS,MAN,Ontario
CYSC,Sherbrooke,71610,7028123,45.43860,-71.69140,241.4,NAV CANADA,NC-AWOS,AUTO,Quebec
CYSF,Stony Rapids,71132,4067799,59.25030,-105.84100,244.1,NAV CANADA,NC-AWOS,AUTO,Saskatchewan
CYSJ,Saint John,71609,8104901,45.31620,-65.89010,108.8,NAV CANADA,NC-HWOS,MAN,New Brunswick
CYSK,Sanikiluaq,,2303660,56.53690,-79.25010,33.5,NAV CANADA,NC-AWOS,AUTO,Nunavut
CYSM,Fort Smith,71934,2202203,60.02030,-111.96200,205.1,NAV CANADA,NC-AWOS,AUTO,Northwest Territories
CYSM,Fort Smith,71934,2202201,60.02030,-111.96200,205.1,NAV CANADA,NC-HWOS,MAN,Northwest Territories
CYSN,St. Catharines/Niagara District,,6137304,43.19170,-79.17170,98.1,NAV CANADA,NC-AWOS,AUTO,Ontario
CYSN,St. Catharines/Niagara District,,6137286,43.19170,-79.17170,98.1,NAV CANADA,NC-HWOS,MAN,Ontario
CYSP,Marathon,,6044967,48.75530,-86.34440,314.6,NAV CANADA,NC-AWOS,AUTO,Ontario
CYSP,Marathon,,6044963,48.75530,-86.34440,314.6,NAV CANADA,NC-HWOS,MAN,Ontario
CYSY,Sachs Harbour (David Nasogaluak,,2503649,71.99370,-125.24100,86.3,NAV CANADA,NC-AWOS,AUTO,Northwest Territories
CYSY,Sachs Harbour (David Nasogaluak,,2503651,71.99370,-125.24100,86.3,NAV CANADA,NC-HWOS,MAN,Northwest Territories
CYTE,Kinngait,71366,2400637,64.23020,-76.52490,48.2,NAV CANADA,NC-AWOS,AUTO,Nunavut
CYTE,Kinngait,71366,2400633,64.23020,-76.52490,48.2,NAV CANADA,NC-HWOS,MAN,Nunavut
CYTH,Thompson,71079,5062921,55.80330,-97.86250,224.0,NAV CANADA,NC-HWOS,MAN,Manitoba
CYTL,Big Trout Lake,71675,6010735,53.81790,-89.89690,222.5,NAV CANADA,NC-AWOS,AUTO,Ontario
CYTQ,Tasiujaq,,7118366,58.66780,-69.95580,36.8,NAV CANADA,NC-AWOS,AUTO,Quebec
CYTQ,Tasiujaq,,7118365,58.66780,-69.95580,36.8,NAV CANADA,NC-HWOS,MAN,Quebec
CYTR,Trenton,71621,6158875,44.12,-77.53,86,,,MAN,Ontario
CYTS,Timmins (Victor M. Power),71739,6078286,48.57070,-81.37660,295.0,NAV CANADA,NC-HWOS,MAN,Ontario
CYTZ,Billy Bishop Toronto City Airpor,71265,6158359,43.62740,-79.39620,76.8,NAV CANADA,NC-AWOS,AUTO,Ontario
CYUB,Tuktoyaktuk/James Gruben,,2203911,69.43320,-133.02600,4.3,NAV CANADA,NC-AWOS,AUTO,Northwest Territories
CYUB,Tuktoyaktuk/James Gruben,,2203913,69.43320,-133.02600,4.3,NAV CANADA,NC-HWOS,MAN,Northwest Territories
CYUL,Montreal/Trudeau International,71627,7025251,45.47050,-73.74090,36.0,NAV CANADA,NC-HWOS,MAN,Quebec
CYUT,Naujaat,,2403495,66.52070,-86.22470,22.8,NAV CANADA,NC-AWOS,AUTO,Nunavut
CYUT,Naujaat,,2403491,66.52070,-86.22470,22.8,NAV CANADA,NC-HWOS,MAN,Nunavut
CYUX,Sanirajak,71293,2402354,68.77580,-81.24240,9.1,NAV CANADA,NC-AWOS,AUTO,Nunavut
CYUX,Sanirajak,71293,2402356,68.77580,-81.24240,9.1,NAV CANADA,NC-HWOS,MAN,Nunavut
CYUY,Rouyn-Noranda,,7086719,48.20620,-78.83560,301.1,NAV CANADA,NC-HWOS,MAN,Quebec
CYVC,La Ronge,71922,4064155,55.15140,-105.26200,379.2,NAV CANADA,NC-HWOS,MAN,Saskatchewan
CYVL,Colville Lake/Tommy Kochon,,2200827,67.02110,-126.12900,274.0,NAV CANADA,NC-AWOS,AUTO,Northwest Territories
CYVM,Qikiqtarjuaq,71338,2400577,67.54660,-64.03160,5.5,NAV CANADA,NC-AWOS,AUTO,Nunavut
CYVM,Qikiqtarjuaq,71338,2400576,67.54660,-64.03160,5.5,NAV CANADA,NC-HWOS,MAN,Nunavut
CYVO,Val d'Or,71941,7098605,48.05330,-77.78280,336.8,NAV CANADA,NC-AWOS,AUTO,Quebec
CYVO,Val d'Or,71941,7098606,48.05330,-77.78280,336.8,NAV CANADA,NC-HWOS,MAN,Quebec
CYVP,Kuujjuaq,71906,7113535,58.09610,-68.42690,39.9,NAV CANADA,NC-HWOS,MAN,Quebec
CYVQ,Norman Wells,71043,2202801,65.28130,-126.79900,72.2,NAV CANADA,NC-HWOS,MAN,Northwest Territories
CYVR,Vancouver International,71892,1108395,49.19470,-123.18400,4.0,NAV CANADA,NC-HWOS,MAN,British Columbia
CYVT,Buffalo Narrows,,4060988,55.84190,-108.41800,433.7,NAV CANADA,NC-AWOS,AUTO,Saskatchewan
CYVV,Wiarton,71633,6119498,44.74580,-81.10720,221.9,NAV CANADA,NC-AWOS,AUTO,Ontario
CYVV,Wiarton,71633,6119499,44.74580,-81.10720,221.9,NAV CANADA,NC-HWOS,MAN,Ontario
CYWA,Petawawa,71625,6106398,45.95,-77.32,130,,,MAN,Ontario
CYWE,Wekweeti,,2203980,64.19080,-114.07700,368.2,NAV CANADA,NC-AWOS,AUTO,Northwest Territories
CYWG,Winnipeg/James Armstrong Richard,,5023227,49.91000,-97.24010,239.0,NAV CANADA,NC-HWOS,MAN,Manitoba
CYWH,Victoria Harbour,,1018633,48.42280,-123.38700,0.0,NAV CANADA,NC-AWOS,AUTO,British Columbia
CYWH,Victoria Harbour,,1018619,48.42280,-123.38700,0.0,NAV CANADA,NC-HWOS,MAN,British Columbia
CYWJ,Deline,,2201023,65.21120,-123.43700,214.0,NAV CANADA,NC-AWOS,AUTO,Northwest Territories
CYWJ,Deline,,2201020,65.21120,-123.43700,214.0,NAV CANADA,NC-HWOS,MAN,Northwest Territories
CYWK,Wabush,71825,8504177,52.92270,-66.86470,551.4,NAV CANADA,NC-AWOS,AUTO,Newfoundland and Labrador
CYWK,Wabush,71825,8504176,52.92270,-66.86470,551.4,NAV CANADA,NC-HWOS,MAN,Newfoundland and Labrador
CYWL,Williams Lake,71104,1098941,52.18340,-122.05400,939.7,NAV CANADA,NC-HWOS,MAN,British Columbia
CYWY,Wrigley,,2204005,63.20960,-123.43700,149.7,NAV CANADA,NC-AWOS,AUTO,Northwest Territories
CYXC,Cranbrook/Canadian Rockies Intl,71880,1152105,49.61210,-115.78200,940.0,NAV CANADA,NC-HWOS,MAN,British Columbia
CYXE,Saskatoon/John G. Diefenbaker In,,4057152,52.17100,-106.70000,504.1,NAV CANADA,NC-HWOS,MAN,Saskatchewan
CYXH,Medicine Hat,71247,3034479,50.01890,-110.72100,716.6,NAV CANADA,NC-AWOS,AUTO,Alberta
CYXH,Medicine Hat,71247,3034481,50.01890,-110.72100,716.6,NAV CANADA,NC-HWOS,MAN,Alberta
CYXJ,Fort St. John,71943,1183001,56.23810,-120.74000,694.9,NAV CANADA,NC-HWOS,MAN,British Columbia
CYXL,Sioux Lookout,71842,6037776,50.11410,-91.90550,383.1,NAV CANADA,NC-HWOS,MAN,Ontario
CYXN,Whale Cove,,2303990,62.24010,-92.59790,12.2,NAV CANADA,NC-AWOS,AUTO,Nunavut
CYXP,Pangnirtung,,2403054,66.14490,-65.71350,24.0,NAV CANADA,NC-AWOS,AUTO,Nunavut
CYXP,Pangnirtung,,2403051,66.14490,-65.71350,24.0,NAV CANADA,NC-HWOS,MAN,Nunavut
CYXQ,Beaver Creek,,2100155,62.41020,-140.86900,649.5,NAV CANADA,NC-AWOS,AUTO,Yukon
CYXQ,Beaver Creek,,2100159,62.41020,-140.86900,649.5,NAV CANADA,NC-HWOS,MAN,Yukon
CYXR,Earlton (Timiskaming Regional),71684,6072223,47.69500,-79.84890,243.8,NAV CANADA,NC-AWOS,AUTO,Ontario
CYXS,Prince George,71896,1096439,53.88400,-122.67800,690.7,NAV CANADA,NC-AWOS,AUTO,British Columbia
CYXT,Terrace,71951,1068134,54.46850,-128.57800,217.3,NAV CANADA,NC-HWOS,MAN,British Columbia
CYXU,London,71623,6144473,43.03310,-81.15110,278.0,NAV CANADA,NC-HWOS,MAN,Ontario
CYXX,Abbotsford,71108,1100032,49.02530,-122.36000,59.1,NAV CANADA,NC-AWOS,AUTO,British Columbia
CYXX,Abbotsford,71108,1100031,49.02530,-122.36000,59.1,NAV CANADA,NC-HWOS,MAN,British Columbia
CYXY,Whitehorse Erik Nielson Intl,71964,2101303,60.70960,-135.06700,706.2,NAV CANADA,NC-HWOS,MAN,Yukon
CYXZ,Wawa,71738,6059413,47.96690,-84.78630,287.7,NAV CANADA,NC-AWOS,AUTO,Ontario
CYXZ,Wawa,71738,6059407,47.96690,-84.78630,287.7,NAV CANADA,NC-HWOS,MAN,Ontario
CYYB,North Bay,71731,6085680,46.36380,-79.42420,370.3,NAV CANADA,NC-AWOS,AUTO,Ontario
CYYB,North Bay,71731,6085701,46.36380,-79.42420,370.3,NAV CANADA,NC-HWOS,MAN,Ontario
CYYC,Calgary International,71877,3031092,51.12260,-114.01300,1099.1,NAV CANADA,NC-HWOS,MAN,Alberta
CYYD,Smithers,71950,1077499,54.82530,-127.18300,523.0,NAV CANADA,NC-AWOS,AUTO,British Columbia
CYYD,Smithers,71950,1077498,54.82530,-127.18300,523.0,NAV CANADA,NC-HWOS,MAN,British Columbia
CYYE,Fort Nelson,71945,1192946,58.83640,-122.59700,381.9,NAV CANADA,NC-HWOS,MAN,British Columbia
CYYF,Penticton,71889,1126146,49.46260,-119.60200,344.4,NAV CANADA,NC-HWOS,MAN,British Columbia
CYYG,Charlottetown,71706,8300301,46.28920,-63.11530,50.9,NAV CANADA,NC-HWOS,MAN,Prince Edward Island
CYYH,Taloyoak,71580,2403856,69.54670,-93.57700,27.4,NAV CANADA,NC-AWOS,AUTO,Nunavut
CYYH,Taloyoak,71580,2403855,69.54670,-93.57700,27.4,NAV CANADA,NC-HWOS,MAN,Nunavut
CYYJ,Victoria International,71799,1018621,48.64720,-123.42600,19.5,NAV CANADA,NC-HWOS,MAN,British Columbia
CYYL,Lynn Lake,71078,5061645,56.86400,-101.07600,356.6,NAV CANADA,NC-AWOS,AUTO,Manitoba
CYYN,Swift Current,71142,4028038,50.29190,-107.69100,817.2,NAV CANADA,NC-AWOS,AUTO,Saskatchewan
CYYQ,Churchill,71618,5060595,58.73910,-94.06640,29.2,NAV CANADA,NC-AWOS,AUTO,Manitoba
CYYQ,Churchill,71618,5060605,58.73910,-94.06640,29.2,NAV CANADA,NC-HWOS,MAN,Manitoba
CYYR,Goose Bay,71816,8501900,53.32,-60.43,49,,,MAN,Newfoundland and Labrador
CYYT,St. John's International,71801,8403505,47.61860,-52.75240,140.5,NAV CANADA,NC-HWOS,MAN,Newfoundland and Labrador
CYYU,Kapuskasing,71831,6073978,49.41160,-82.46870,226.4,NAV CANADA,NC-AWOS,AUTO,Ontario
CYYU,Kapuskasing,71831,6073976,49.41160,-82.46870,226.4,NAV CANADA,NC-HWOS,MAN,Ontario
CYYW,Armstrong,,6040327,50.29030,-88.90970,322.8,NAV CANADA,NC-AWOS,AUTO,Ontario
CYYY,Mont-Joli,71718,7055121,48.60900,-68.20760,52.4,NAV CANADA,NC-HWOS,MAN,Quebec
CYYZ,Toronto/Pearson International,71624,6158731,43.67670,-79.63060,173.4,NAV CANADA,NC-HWOS,MAN,Ontario
CYZE,Gore Bay-Manitoulin,,6092919,45.88170,-82.56830,189.9,NAV CANADA,NC-AWOS,AUTO,Ontario
CYZF,Yellowknife,71936,2204101,62.46280,-114.44000,205.7,NAV CANADA,NC-HWOS,MAN,Northwest Territories
CYZG,Salluit,,7117802,62.17940,-75.66720,227.0,NAV CANADA,NC-AWOS,AUTO,Quebec
CYZG,Salluit,,7117801,62.17940,-75.66720,227.0,NAV CANADA,NC-HWOS,MAN,Quebec
CYZH,Slave Lake,71369,3065995,55.29290,-114.77700,582.8,NAV CANADA,NC-AWOS,AUTO,Alberta
CYZP,Sandspit,71111,1057052,53.25430,-131.81400,6.4,NAV CANADA,NC-AWOS,AUTO,British Columbia
CYZR,Sarnia (Chris Hadfield),71704,6127510,42.99940,-82.30890,181.4,NAV CANADA,NC-AWOS,AUTO,Ontario
CYZS,Coral Harbour,71915,2301004,64.19340,-83.35940,62.2,NAV CANADA,NC-AWOS,AUTO,Nunavut
CYZS,Coral Harbour,71915,2301002,64.19340,-83.35940,62.2,NAV CANADA,NC-HWOS,MAN,Nunavut
CYZT,Port Hardy,71109,1026271,50.68060,-127.36700,21.6,NAV CANADA,NC-HWOS,MAN,British Columbia
CYZU,Whitecourt,71930,3057376,54.14380,-115.78700,782.4,NAV CANADA,NC-AWOS,AUTO,Alberta
CYZU,Whitecourt,71930,3067373,54.14380,-115.78700,782.4,NAV CANADA,NC-HWOS,MAN,Alberta
CYZV,Sept-Iles,,7047911,50.22340,-66.26570,54.9,NAV CANADA,NC-HWOS,MAN,Quebec
CYZW,Teslin,,2101106,60.17310,-132.74200,702.0,NAV CANADA,NC-AWOS,AUTO,Yukon
CYZW,Teslin,,2101101,60.17310,-132.74200,702.0,NAV CANADA,NC-HWOS,MAN,Yukon
CYZX,Greenwood,71397,8202000,44.98,-64.92,28,,,MAN,Nova Scotia
CYZY,Mackenzie,71290,1184791,55.29940,-123.13300,690.4,NAV CANADA,NC-AWOS,AUTO,British Columbia
CZBB,Vancouver Boundary Bay,,1100909,49.07330,-123.00800,1.8,NAV CANADA,NC-AWOS,AUTO,British Columbia
CZBF,Bathurst,71574,8100506,47.62940,-65.74030,59.7,NAV CANADA,NC-AWOS,AUTO,New Brunswick
CZCR,CHARLO AUTO,71315,8100885,47.99,-66.3342,41.2,MSC,CA,AUTO,New Brunswick
CZCY,CLYDE RIVER CLIMATE,71358,2400802,70.48383,-68.514889,28.0,MSC,CA,AUTO,Nunavut
CZDB,DEBERT,71317,8201390,45.421494,-63.465897,37.709,MSC,CA,AUTO,Nova Scotia
CZEL,ELORA RCS,71352,6142286,43.641937,-80.411747,373.827,MSC,CA,AUTO,Ontario
CZEM,Eastmain River,,7092310,52.22640,-78.52250,7.3,NAV CANADA,NC-AWOS,AUTO,Quebec
CZEM,Eastmain River,,7092306,52.22640,-78.52250,7.3,NAV CANADA,NC-HWOS,MAN,Quebec
CZEV,INUVIK CLIMATE,71364,2202578,68.317388,-133.533189,104.8,MSC,CA,AUTO,Northwest Territories
CZFA,Faro,,2100527,62.20700,-133.37300,716.3,NAV CANADA,NC-AWOS,AUTO,Yukon
CZFA,Faro,,2100519,62.20700,-133.37300,716.3,NAV CANADA,NC-HWOS,MAN,Yukon
CZFM,Fort McPherson,,2201606,67.40740,-134.86100,35.1,NAV CANADA,NC-AWOS,AUTO,Northwest Territories
CZFM,Fort McPherson,,2201599,67.40740,-134.86100,35.1,NAV CANADA,NC-HWOS,MAN,Northwest Territories
CZFN,Tulita,,2201705,64.90970,-125.56900,100.3,NAV CANADA,NC-AWOS,AUTO,Northwest Territories
CZFN,Tulita,,2201701,64.90970,-125.56900,100.3,NAV CANADA,NC-HWOS,MAN,Northwest Territories
CZFS,FORT SIMPSON CLIMATE,71365,2202102,61.758016,-121.232441,168.8,MSC,CA,AUTO,Northwest Territories
CZGH,FORT GOOD HOPE CS,71491,2201450,66.242392,-128.643969,83.4,MSC,CA,AUTO,Northwest Territories
CZHB,HUDSON BAY (AUT),71868,4083324,52.8167,-102.3167,352.5,MSC,CA,AUTO,Saskatchewan
CZHK,GJOA HAVEN CLIMATE,71363,2302340,68.63344,-95.85188,41.463,MSC,CA,AUTO,Nunavut
CZHY,HAY RIVER CLIMATE,71361,2202402,60.83954,-115.780996,164.005,MSC,CA,AUTO,Northwest Territories
CZKA,KAMLOOPS AUT,71741,1163842,50.699202,-120.440704,347.0,MSC,CA,AUTO,British Columbia
CZKD,KELSEY DAM CS,71572,5061422,56.037011,-96.511219,188.797,MSC,CA,AUTO,Manitoba
CZLT,ALERT CLIMATE,71355,2400305,82.493841,-62.352153,66.9,MSC,CA,AUTO,Nunavut
CZMD,Muskrat Dam,71678,6015026,53.44140,-91.76280,277.7,NAV CANADA,NC-AWOS,AUTO,Ontario
CZMJ,MOOSE JAW CS,71539,4015322,50.331956,-105.53774,578.5,MSC,CA,AUTO,Saskatchewan
CZMT,Masset,,1054929,54.02710,-132.12500,5.8,NAV CANADA,NC-AWOS,AUTO,British Columbia
CZMT,Masset,,1054921,54.02710,-132.12500,5.8,NAV CANADA,NC-HWOS,MAN,British Columbia
CZMU,MUNDARE AGDM,71354,3014665,53.566667,-112.3,683.0,GovAB,CA,AUTO,Alberta
CZOC,OLD CROW RCS,71044,2100805,67.567923,-139.844928,250.662,MSC,CA,AUTO,Yukon
CZOL,OLIVER AGDM,71351,3014921,53.65,-113.35,665.0,GovAB,CA,AUTO,Alberta
CZPC,Pincher Creek,71085,3035198,49.52040,-113.99700,1189.6,NAV CANADA,NC-AWOS,AUTO,Alberta
CZPK,PAULATUK,71984,2203058,69.354688,-124.076594,7.4,MSC,CA,AUTO,Northwest Territories
CZPS,PRENTISS,71353,3025297,52.433333,-113.6,965.0,GovAB,CA,AUTO,Alberta
CZRP,REA POINT,71983,2403450,75.359453,-105.711865,7.592,MSC,CA,AUTO,Nunavut
CZSJ,Sandy Lake,71587,6017401,53.06420,-93.34440,289.9,NAV CANADA,NC-AWOS,AUTO,Ontario
CZSM,FORT SMITH CLIMATE,71362,2202202,60.026113,-111.927917,205.921,MSC,CA,AUTO,Northwest Territories
CZSP,ST PETERS,71310,8300562,46.45037,-62.57586,32.2,MSC,CA,AUTO,Prince Edward Island
CZST,Stewart,,1067748,55.93340,-129.98500,7.3,NAV CANADA,NC-AWOS,AUTO,British Columbia
CZST,Stewart,,1067741,55.93340,-129.98500,7.3,NAV CANADA,NC-HWOS,MAN,British Columbia
CZTB,THUNDER BAY CS,71667,6048268,48.3694,-89.3272,198.5,MSC,CA,AUTO,Ontario
CZUB,TUKTOYAKTUK,71985,2203914,69.435544,-133.020801,2.537,MSC,CA,AUTO,Northwest Territories
CZUM,Churchill Falls,71002,8501131,53.56190,-64.10640,439.5,NAV CANADA,NC-AWOS,AUTO,Newfoundland and Labrador
CZVL,Edmonton/Villeneuve,71664,3012229,53.66830,-113.85600,687.6,NAV CANADA,NC-AWOS,AUTO,Alberta
CZVM,QIKIQTARJUAQ CLIMATE,71357,2400573,67.547377,-64.033079,5.386,MSC,CA,AUTO,Nunavut
CZWN,WAINWRIGHT CFB AIRFIELD 21,71118,301S001,52.8294,-111.0956,687.2,MSC,CA,AUTO,Alberta
CZZJ,EDSON CLIMATE,71156,3062246,53.577502,-116.456625,924.386,MSC,CA,AUTO,Alberta
